:020000040800F2
:1000000070550020A1020008D14A0008D13A00082A
:1000100079470008FF090008456A00080000000051
:10002000000000000000000000000000DD010008EA
:10003000A30B00080000000039020008C1530008AB
:10004000BB020008BB020008BB020008BB0200089C
:10005000BB020008BB020008BB020008BB0200088C
:10006000BB020008BB020008BB020008BB0200087C
:10007000590A0008BB020008690A0008790A00084A
:10008000890A0008BB020008BB020008BB02000886
:10009000BB020008BB020008BB020008BB0200084C
:1000A000BB020008BB020008BB020008BB0200083C
:1000B000BB020008BB020008BB020008BB0200082C
:1000C000BB020008BB020008BB020008BB0200081C
:1000D000BB020008E16800086D690008B16900080A
:1000E000BB020008BB020008BB020008BB020008FC
:1000F000BB0200083D550008BB020008BB02000817
:10010000BB020008BB020008BB020008BB020008DB
:10011000BB020008755D0008E9540008F9540008A6
:10012000BB020008BB020008BB020008BB020008BB
:10013000BB020008BB020008BB020008BB020008AB
:10014000BB020008BB020008BB020008BB0200089B
:10015000BB020008BB020008BB020008C16900081E
:10016000BB020008BB020008BB020008BB0200087B
:10017000BB020008BB020008BB020008BB0200086B
:10018000BB020008BB020008AD5E0008395F000832
:10019000BB020008BB020008BB020008BB0200084B
:1001A000BB020008BB020008BB020008BB0200083B
:1001B000BB020008BB020008BB020008BB0200082B
:1001C000BB020008BB020008DFF80CD000F0DAFB2D
:1001D000004800477D7D0008705500202D4B1968B0
:1001E0000868B0E8F04F80F30988BFF36F8F4FF0D5
:1001F000000080F311887047000000000848006884
:10020000006880F308884FF0000080F3148862B61D
:1002100061B6BFF34F8FBFF36F8F00DF00BF00BF2A
:1002200008ED00E0DFF80C00016841F470010160A6
:10023000704700BF88ED00E0EFF30980BFF36F8FD8
:10024000144B1A681EF0100F08BF20ED108A20E929
:10025000F04F106009B44FF0500072B680F311886F
:10026000BFF34F8FBFF36F8F62B60AF085F84FF080
:10027000000080F3118809BC19680868B0E8F04FE5
:100280001EF0100F08BFB0EC108A80F30988BFF38E
:100290006F8F704784020020EFF3058070470000E5
:1002A0000648804706480047FEE7FEE7FEE7FEE710
:1002B000FEE7FEE7FEE7FEE7FEE7FEE7D5540008AF
:1002C000C90100082DE9F05F0546002092469B46D3
:1002D00088460646814640241BE02846414647465C
:1002E000224600F012FA53465A46C01A914110D3E2
:1002F00011461846224600F0F9F92D1A67EB01085D
:100300004F4622460120002100F0F0F917EB0009CA
:100310004E41201EA4F10104DFDC484631462A4646
:100320004346BDE8F09F40EA01039B0703D009E084
:1003300008C9121F08C0042AFAD203E011F8013BD1
:1003400000F8013B521EF9D27047D2B201E000F82A
:10035000012B491EFBD270470022F6E710B5134669
:100360000A4604461946FFF7F0FF204610BD2DE966
:10037000FE4F804681EA0300C00F0C46009021F03A
:10038000004123F00045B8EB0200A94105D24046E8
:10039000214690461C460B46024623F0004010437F
:1003A00047D0270DC7F30A00C3F30A510290401A41
:1003B000019040286BDAC3F3130040F4801B0098CF
:1003C000924620B10023D2EB030A63EB0B0B01989A
:1003D0005946C0F14002504600F088F906460D46E5
:1003E00050465946019A00F0A0F910EB080061410F
:1003F000002487EA115284EAE7731A4340D0009A36
:1004000062B3019A012A4FEA075215DC001B61EB27
:1004100002014FF0004202EA0752CDE90042001CFF
:1004200041F5801132462B4600F0D7F903B0BDE804
:10043000F08F40462146F9E7001B61EB0201001CEA
:1004400041F5801300185B412018A2F5001747EB17
:10045000030140EAD570B6196D4111E06D084FEA0D
:10046000360645EAC0754FEA0752001B61EB0201F0
:10047000001C41F5801149084FEA30000019514134
:1004800032462B4603B0BDE8F04F00F097B9009814
:10049000012240000023D0EB020263EBE0730098DE
:1004A00021464FEAE074B8EB000061EB0401E9E794
:1004B00083F000435BE781F0004158E72DE9FE4FF0
:1004C00081EA030404F0004421F0004100944FF05D
:1004D000000B23F0004350EA01045ED052EA03040B
:1004E0005BD0C3F30A54C1F30A552C44A4F2F3348D
:1004F0000194A0FB0254C1F3130141F48011C3F332
:10050000130343F4801301FB024400FB034E840AEF
:10051000970A44EA815447EA8357A4FB0768029587
:100520008D0A05FB07854FEA932C04FB0C54270525
:10053000029D4FEA065847EA1637B5EB08056EEB01
:10054000070C870E920E47EA811742EA8312A7FB37
:100550000201B6EB0B0164EB00042B0D43EA0C33F4
:100560005E1844EB1C50DA465146E7FB0201C5F326
:1005700013044FEA0B3343EA14534FEA0432019C4D
:1005800043EA0603A4F10C040294009CCDE900B4F4
:1005900000F023F903B0BDE8F08F00200146F9E731
:1005A0000EB5C10F80EAE0700844CA07002140F28E
:1005B00033438DE80E000A460B4600F00EF903B0F7
:1005C00000BD70B5C1F30A5201F000450024C1F32B
:1005D000130140F2FF3341F480119A4201DA002006
:1005E00070BD40F233439A42A2F2334203DC5242DE
:1005F00000F08BF800E090402C43F1D0404270BDF9
:1006000000F0004230F000400AD0C10D01F56071E9
:10061000C0F3160042EA0151C20840071143704777
:10062000002001467047000030B5041E71F100043F
:1006300004DB4FF00044404264EB0101141E73F1EF
:10064000000405DB1C464FF00043524263EB0403F9
:100650008B4208BF824230BD30B5041E71F10004E8
:1006600004DB4FF00044404264EB0101141E73F1BF
:10067000000405DB1C464FF00043524263EB0403C9
:10068000994208BF904230BD01F0004330B421F0E0
:10069000004150EA010206D00A0DA2F56072C1F3D2
:1006A0001301002A02DC30BC00207047440F44EAEA
:1006B000C104C100E01830BC00EBC25000F047B8E4
:1006C00030B50B46014600202022012409E021FA22
:1006D00002F59D4205D303FA02F5491B04FA02F51F
:1006E0002844151EA2F10102F1DC30BD202A04DBF2
:1006F000203A00FA02F1002070479140C2F1200335
:1007000020FA03F3194390407047202A04DB203A73
:1007100021FA02F00021704721FA02F3D040C2F121
:1007200020029140084319467047202A06DBCB1768
:10073000203A41FA02F043EAE07306E041FA02F39C
:10074000D040C2F120029140084319467047002969
:10075000A8BF7047401C490008BF20F00100704747
:1007600010B4B0FA80FC00FA0CF050EA010404BFA7
:1007700010BC704749B1CCF1200421FA04F411FAFD
:100780000CF118BF012121430843A3EB0C01CB1D41
:100790004FEA00614FEA102042BF002010BC7047B2
:1007A00000EBC35010440029A4BF10BC7047401C8C
:1007B000490008BF20F0010010BC704710B5141E9E
:1007C00073F1000408DA401C41F1000192185B410A
:1007D0001A4301D120F0010010BD2DE9F04D9246E1
:1007E0009B4611B1B1FA81F202E0B0FA80F22032F8
:1007F0009046FFF77BFF04460F4640EA0A0041EAB5
:100800000B0153465A46084313D0114653EA0100E0
:1008100019D0C8F140025046FFF777FF05460E4653
:10082000504659464246FFF761FF084305D0012074
:1008300004E020463946BDE8F08D0020054346EA35
:10084000E0762C4337430A986305E40AA0EB0800DE
:100850000022FD0A44EA47540A3002D5002001462E
:10086000E9E7010510196941DDE908450019694109
:10087000BDE8F04DA2E72DE9F04D81EA030404F054
:10088000004B21F0004514464FF0000A23F00041D0
:1008900050EA050220D054EA01021DD0C5F30A57E0
:1008A0000246C5F31303C1F31300C1F30A5640F423
:1008B000801543F48013A7EB0608101BD64608F2F8
:1008C000FD3873EB050002D308F1010801E092182E
:1008D0005B41B8F1000F03DA00200146BDE8F08D5E
:1008E00000204FF48011064684460EE0171B73EB80
:1008F000050705D3121B63EB050306434CEA010C05
:1009000049084FEA300092185B4150EA0107EDD1E7
:1009100052EA030012D082EA040083EA0501084388
:1009200005D0101BAB4106D20122002306E00022B5
:100930004FF0004302E06FF0010253101AEB060083
:100940004CEB085110EB0A0041EB0B01BDE8F04DF8
:10095000FFF734BFC1F30A52C1F3130140F2FF3372
:1009600041F480119A4202DA00200146704740F2B9
:1009700033439A42A2F2334202DC5242FFF7C5BE31
:10098000FFF7B4BE064C074D06E0E06840F00103F7
:1009900094E8070098471034AC42F6D3FFF718FCF0
:1009A000F0AC000810AD000870B58C1810F8015BB1
:1009B00015F0070301D110F8013B2A1106D110F8F8
:1009C000012B03E010F8016B01F8016B5B1EF9D1FC
:1009D0002B0705D40023521E0DD401F8013BFAE782
:1009E00010F8013BCB1A921C03E013F8015B01F8ED
:1009F000015B521EF9D5A142D8D3002070BD00BFC3
:100A0000FEE708B509F022FE009000BF05E01421C2
:100A1000684609F09BFA06F0D3FDF8E71CB50648D6
:100A2000062100234FF40072CDE9001003A109480C
:100A300009F076FD1CBD0000E802002043686173E8
:100A40007369735F436F6E74726F6C5F5461736B25
:100A500000000000030A000810B5024800F0D0F9B9
:100A600010BD0000C00A002010B5024800F0C8F90F
:100A700010BD0000000A002010B5024800F0C0F9C7
:100A800010BD0000200B002010B5024800F0B8F99E
:100A900010BD0000600A00200146087810381823B5
:100AA000B0FBF3F20848805CC865032A05D90868E2
:100AB0006FF30900001D886503E008686FF3090003
:100AC0008865886D7047000030AC00080146002042
:100AD0008A6A8B69CBB932B1012A0DD0022A03D0C0
:100AE000032A10D10EE000BFCB6A03F08073B3F18C
:100AF000807F00D1012007E0CB6AB3F1C07F00D135
:100B0000012001E000E000BF34E08B69B3F5005F35
:100B10001AD132B1012A07D0022A03D0032A11D1F7
:100B20000AE000BF01200EE0CB6A03F08073B3F14E
:100B3000807F00D1012006E0CB6AB3F1C07F00D1F5
:100B4000012000E000BF15E032B1012A05D0022AE1
:100B500004D0032A0CD103E000BF00BF012008E04D
:100B6000CB6A03F08073B3F1807F00D1012000E0F5
:100B700000BF00BF704730B50468246824F48024A7
:100B800005682C60046863608468402C04D10468A4
:100B9000A2600468E16003E00468A1600468E260A8
:100BA00030BD704710B5064801F0B0FD044800683C
:100BB000C06840F0010002490968C86010BD00002B
:100BC00018060020044A118800BF034A1288521AEE
:100BD00092B28242F9DD7047DE01002010B52DEDA2
:100BE000048BB0EE409A1C48D0ED000AB0EE600ACB
:100BF00007F020FAF0EE408AB0EE498A05E09FED5A
:100C0000170A38EE400AB0EE408A38EE680ADFED87
:100C1000140AB4EEE00AF1EE10FAF0DC05E09FED04
:100C20000F0A38EE000AB0EE408A38EE680ADFEDAF
:100C30000D0AB4EEE00AF1EE10FAF0D3F0EE680A15
:100C4000B0EE480A084803F045FFF0EE409AB1EED6
:100C5000690ABDEC048B10BD801100200000B44374
:100C600000003443000034C3600F002072B600BFA0
:100C7000FEE70000014621B1012905D0022909D172
:100C800005E00648406870470448C068FBE7034831
:100C90004069F8E74FF0FF30F5E70000140C002042
:100CA00001460020094A12788A4200D10CE0074A26
:100CB000127A8A4201D1012006E0044A127C8A425B
:100CC00001D1022000E0FF2070470000140C00203A
:100CD00001480068704700002802002001480068B1
:100CE000704700002C020020014800687047000097
:100CF0004812002010B5DFED071A9621B6EE001A53
:100D0000DFED050A9FED050A054803F043FF02F0F9
:100D100095FF10BD000016C30000000048E11A4016
:100D2000600F002070B50446A56D00F091FB0646EB
:100D300094F83500022808D08020606500BF0020AC
:100D400084F8340000BF012070BD2068006820F0E6
:100D50001600216808602068406920F08000216842
:100D60004861206C08B9A06C28B12068006820F0A8
:100D70000800216808602068006820F001002168F0
:100D8000086010E000F064FB801B05280BD92020D0
:100D90006065032084F8350000BF002084F834002B
:100DA00000BF0320D0E72068006800F001000028A1
:100DB000E8D194F85C103F208840A860012084F8B6
:100DC000350000BF002084F8340000BF00BFBBE73F
:100DD000014691F83500022803D0802048650120A3
:100DE0007047052081F835000868006820F0010090
:100DF0000A6810600020F3E70146486D7047000064
:100E0000F8B50446002000908C4800684FF4165155
:100E1000B0FBF1F7A56D2E6894F85C1008208840AF
:100E2000304098B12068006800F0040070B120687C
:100E3000006820F004002168086094F85C10082025
:100E40008840A860606D40F00100606594F85C1017
:100E500001208840304068B12068406900F080007F
:100E600040B194F85C1001208840A860606D40F0AB
:100E70000200606594F85C1004208840304068B13E
:100E80002068006800F0020040B194F85C10042073
:100E90008840A860606D40F00400606594F85C10C4
:100EA00010208840304078B32068006800F00800C7
:100EB00050B394F85C1010208840A8602068006847
:100EC00000F4802080B12068006800F4002028B978
:100ED000206CC8B12046216C884715E0A06C98B101
:100EE0002046A16C88470FE02068006800F48070FD
:100EF00028B92068006820F0080021680860206C8C
:100F000010B12046216C884794F85C10202088405E
:100F10003040002865D02068006800F010000028EC
:100F20005FD094F85C1020208840A86094F83500C9
:100F3000052828D12068006820F016002168086084
:100F40002068406920F0800021684861206C08B961
:100F5000A06C28B12068006820F0080021680860B3
:100F600094F85C103F208840A860012084F8350088
:100F700000BF002084F8340000BF206D10B120466F
:100F8000216D8847F8BD2068006800F4802080B19A
:100F90002068006800F4002028B9606C10B1204679
:100FA000616C88471DE0E06BD8B12046E16B884753
:100FB00017E02068006800F4807068B92068006855
:100FC00020F0100021680860012084F8350000BF7F
:100FD000002084F8340000BFE06B10B12046E16BC4
:100FE0008847606D38B3606D00F00100F0B10520F6
:100FF00084F835002068006820F00100216808604E
:1010000000BF0098401C0090B84200D905E020685D
:10101000006800F001000028F3D100BF012084F82F
:10102000350000BF002084F8340000BFE06C10B130
:101030002046E16C884700BFA4E7000004000020C0
:101040002DE9F0410446002500F002FA074614B9E4
:101050000120BDE8F081606A00B100BF022084F881
:10106000350000BF002084F8340000BF206800680D
:1010700020F00100216808600AE000F0E9F9C01BD7
:10108000052805D920206065032084F83500E0E7B5
:101090002068006800F001000028EED12068056893
:1010A00021480540D4E901010843E168084321696A
:1010B000084361690843A1690843E1690843216A5B
:1010C00008430543606A042803D1D4E90B010843AF
:1010D0000543206805602068456925F00705606ABA
:1010E0000543606A04280DD1A06A0543E06A48B14F
:1010F0002046FFF7EBFC28B140206065012084F812
:101100003500A6E7206845612046FFF7C5FC064686
:1011100094F85C103F208840B0600020606501209A
:1011200084F83500002094E73F8010F02DE9F04767
:1011300004460D4616461F464FF00008D4F8589056
:1011400000BF94F83400012802D10220BDE8F087E6
:10115000012084F8340000BF94F8350001282BD119
:10116000022084F83500002060653B46324629465F
:101170002046FFF700FD94F85C103F208840C9F836
:1011800008002068006840F01600216808602068A8
:10119000406940F0800021684861206C28B12068D7
:1011A000006840F00800216808602068006840F08E
:1011B00001002168086006E000BF002084F83400C8
:1011C00000BF4FF002084046C0E7000010B54FF0E6
:1011D000FF300E49086000200860401E091D0860AD
:1011E00000200860401E094910390860002008608E
:1011F000401E091D086000200860401E091D08608F
:101200000020086000F08EF9002010BD2038024058
:1012100070B5044600F01CF906462546681C10B15E
:1012200004480078054400BF00F012F9801BA84272
:10123000FAD370BD80020020F8B502460B460021AB
:1012400000250024002000BFDEE0012606FA01F59B
:101250001E6806EA0504AC4272D11E7906F0030648
:10126000012E04D01E7906F00306022E13D19068D9
:101270004F000326BE40B0434F00DE68BE403043FF
:101280009060506801268E40B0431E79C6F3001668
:101290008E40304350601E7906F00306032E09D0BD
:1012A000D0684F000326BE40B0434F009E68BE404A
:1012B0003043D0601E7906F00306022E13D1CF080A
:1012C00002F1200656F827004E07F70E0F26BE4003
:1012D000B0434F07FF0E1E69BE403043CF0802F1F6
:1012E000200646F8270010684F000326BE40B04392
:1012F0001E7906F003064F00BE40304310605E6862
:1013000006F44036002E7ED000BF414E366846F4CB
:1013100080463F4F3E603E46366806F48046009663
:1013200000BF00BF3B4E8F0856F827008E07370FCF
:101330000F26BE40B043384EB24202D100262EE006
:1013400061E0364EB24201D1012628E0344EB2426D
:1013500001D1022623E0334EB24201D103261EE022
:10136000314EB24201D1042619E0304EB24201D1D1
:10137000052614E02E4EB24201D106260FE02D4E76
:10138000B24201D107260AE02B4EB24201D1082613
:1013900005E02A4EB24201D1092600E00A268F0755
:1013A0003F0FBE4030431B4E8F0846F82700244EA7
:1013B0003068A0435E6806F4801606B12043204ED4
:1013C0003060361D3068A0435E6806F4001606B132
:1013D00020431B4E361D3060194E361F3068A04327
:1013E0005E6806F4003606B12043154E361F3060A5
:1013F000361F3068A0435E6806F4803606B120438D
:101400000F4E083E3060491C1029FFF41EAFF8BD96
:101410004438024008380140000002400004024005
:1014200000080240000C024000100240001402407C
:1014300000180240001C024000200240002402402C
:10144000083C01400AB1816101E00B0483617047EF
:1014500001480068704700007802002003480068D7
:101460000349097808440149086070477802002060
:101470008002002010B50848006840F4007006495A
:101480000860032000F0C4F8002000F007F800F026
:101490004BF8002010BD0000003C024070B588B041
:1014A000044600250026002221462D2000F072F877
:1014B0002D2000F05FF800BF1648006840F48070EF
:1014C000144908600846006800F48070019000BF6D
:1014D00000BF02A903A800F033FD00F059FD45004C
:1014E0000D48B5FBF0F0461E0C480D49086040F26F
:1014F000E7310B48C160466000210161816001F065
:10150000ABF820B9064801F055F908B070BD0120CC
:10151000FBE700004038024040420F00002000403E
:10152000800B00207047000008B500BF104800681D
:1015300040F080500E4908600846006800F0805076
:10154000009000BF00BF00BF081D006840F480404D
:10155000091D08600846006800F48040009000BF44
:1015600000BF00220F21901E00F014F808BD0000FB
:101570004038024001460846002809DB00F01F03FE
:1015800001229A4043099B0003F1E023C3F80021A4
:1015900000BF70472DE9F05F80460D4616460027D4
:1015A00005F004FB074639462A46334601F007009A
:1015B000C0F1070ABAF1040F02D94FF0040A01E0A2
:1015C000C0F1070AD14600F1040ABAF1070F02D2AE
:1015D0004FF0000A01E0A0F1030AD4464FF0010ADF
:1015E0000AFA09FAAAF1010A0AEA020A0AFA0CFA44
:1015F0004FF0010B0BFA0CFBABF1010B0BEA030BE9
:101600004AEA0B042146404605F0D8FABDE8F09FAF
:1016100000BF00F00702064B19684FF6FF031940A0
:10162000044B0B4343EA0221014B196000BF704792
:101630000CED00E00000FA0538B5002400BF20489A
:10164000006840F080501E4908600846006800F0BD
:101650008050009000BF00BF1A48006840F48030FE
:1016600018490860FFF7F4FE044607E0FFF7F0FEB4
:10167000001BB0F57A7F01D9032038BD11484068BE
:1016800000F48030B0F5803FF0D10E48006840F49F
:1016900000300C490860FFF7DBFE044607E0FFF767
:1016A000D7FE001BB0F57A7F01D90320E5E7054896
:1016B000406800F40030B0F5003FF0D10020DCE7D6
:1016C00040380240007000402DE9F84304460026EF
:1016D00000250027A846A946207800F0010088B11F
:1016E00000BFFE48006820F40000FC49086008467E
:1016F0000068616B0843F949086000BF606B08B976
:101700004FF00108206800F40020B0F5002F13D13D
:10171000F2488430006820F44010E16B0843EF4940
:1017200084310860E06BB0F5801F01D14FF00108F3
:10173000E06B08B94FF00109206800F48010B0F5A3
:10174000801F13D1E5488430006820F44000216CEC
:101750000843E24984310860206CB0F5800F01D164
:101760004FF00108206C08B94FF00109206800F023
:101770008070B0F1807F01D14FF00108207800F037
:101780002000202870D100BFD4483830006840F0D5
:101790008050D249383108600846006800F0805017
:1017A000009000BF00BFCE48006840F48070CC4974
:1017B0000860FFF74DFE064607E0FFF749FE801B75
:1017C000642802D90320BDE8F883C548006800F406
:1017D00080700028F1D0C1486830006800F440757E
:1017E00085B3208E00F44070A8422BD0BB486830EF
:1017F000006820F44075B9486830006840F48030D3
:10180000B649683108600846006820F480300860F6
:1018100008460560006800F0010098B1FFF718FE67
:10182000064608E0FFF714FE801B41F2883188422B
:1018300001D90320C7E7A94868300068C0F3400019
:101840000028EFD000BF208E00F44070B0F5407F3C
:101850000BD1A248006820F4F810A24A216B114075
:1018600008439E49086006E010E09C48006820F4A8
:10187000F8109A490860994868300068218EC1F3D1
:101880000B01084395496831086000BF207800F0DB
:101890001000102810D100BF90488430006820F05C
:1018A00080708E498431086008460068A16B084347
:1018B0008A498431086000BF208800F48040B0F578
:1018C000804F09D185488830006820F44030616E2F
:1018D0000843824988310860208800F40040B0F550
:1018E000004F09D17D488830006820F44020A16E67
:1018F00008437A4988310860206800F48030B0F5E8
:10190000803F09D175488830006820F44010E16EAE
:101910000843724988310860206800F40030B0F54F
:10192000003F09D16D488830006820F44000216FE5
:1019300008436A4988310860207800F04000402858
:1019400009D166488830006820F00300616C0843C4
:10195000624988310860207800F08000802809D131
:101960005E488830006820F00C00A16C08435B4999
:1019700088310860208800F48070B0F5807F09D13C
:1019800056488830006820F03000E16C0843534925
:1019900088310860208800F40070B0F5007F09D11C
:1019A0004E488830006820F0C000216D08434B4944
:1019B00088310860208800F48060B0F5806F09D11C
:1019C00046488830006820F44070616D0843434900
:1019D00088310860208800F40060B0F5006F09D1FC
:1019E0003E488830006820F44060A16D08433B49C0
:1019F00088310860208800F48050B0F5805F09D1FC
:101A000036488830006820F44050E16D084333497F
:101A100088310860208800F40050B0F5005F09D1DB
:101A20002E488830006820F44040216E08432B493E
:101A300088310860206800F48000B0F5800F09D17B
:101A400026488830006820F08060A16F0843234951
:101A500088310860206800F40010B0F5001F0FD135
:101A60001E488830006820F00060E16F08431B4981
:101A700088310860E06FB0F1006F01D14FF00109CB
:101A8000207800F00800082801D14FF001092068F3
:101A900000F48020B0F5802F09D11048883000680C
:101AA00020F04070616F08430C498831086020685D
:101AB00000F40000B0F5000F0AD108488830006833
:101AC00020F08050D4F88010084304498831086021
:101AD000B8F1010F0DD0206806E000000838024080
:101AE00000700040FFFCFF0F00F00070B0F1007FBD
:101AF0007DD1AD48006820F08060AB490860FFF7F9
:101B0000A7FC064606E0FFF7A3FC801B642801D96A
:101B1000032058E6A4480068C0F3C0600028F2D152
:101B2000207800F00100B8B1606BA8B99E488430FD
:101B30000068C0F301459C4884300068C0F3036727
:101B40006068800140EA054040EA0761207A41EA86
:101B50000070954984310860206800F40020B0F5D9
:101B6000002F03D1E06BB0F5801F09D0206800F48E
:101B70008010B0F5801F24D1206CB0F5800F20D1EB
:101B8000894884300068C0F3014587488430006884
:101B9000C0F302776068800140EA0541207B41EA9A
:101BA000006040EA07708049843108607E488C30CC
:101BB000006820F01F00616A491E08437A498C3191
:101BC0000860206800F08070B0F1807F17D17648FF
:101BD00084300068C0F30365734884300068C0F344
:101BE000027760688101208A41EA004000E031E02C
:101BF00040EA056040EA07706B498431086020685C
:101C000000F00070B0F1007F0DD160688101208A82
:101C100041EA0041207B41EA0061207A41EA0070FC
:101C20006149843108606048006840F080605E4926
:101C30000860FFF70DFC064606E0FFF709FC801B75
:101C4000642801D90320BEE557480068C0F3C0608E
:101C50000028F2D0B9F1010F7ED15348006820F07E
:101C6000805051490860FFF7F3FB064606E0FFF796
:101C7000EFFB801B642801D90320A4E54A480068D3
:101C8000C0F340700028F2D1206800F40020B0F5C5
:101C9000002F01D1E06B38B1206800F48010B0F55E
:101CA000801F22D1206C00BB3F4888300068C0F301
:101CB00001453D4888300068C0F3027760698001C3
:101CC00040EA0541207E41EA006040EA077036495B
:101CD00088310860081D006820F4F851A06A401E91
:101CE00041EA002030498C310860206800F400107F
:101CF000B0F5001F19D1E06FB0F1006F15D12A487F
:101D000088300068C0F30365274888300068C0F356
:101D1000027760698101208C41EA004040EA056059
:101D200040EA0770204988310860207800F00800F8
:101D3000082820D11C4888300068C0F303651A4881
:101D400088300068C0F301476069800140EA0740BD
:101D500040EA0561207F00E024E041EA007012497A
:101D600088310860081D006820F44030E16A0843AB
:101D70000D498C3108600C48006840F080500A49D9
:101D80000860FFF765FB064606E0FFF761FB801B76
:101D9000642801D9032016E503480068C0F34070A9
:101DA0000028F2D000200EE50038024070B504464D
:101DB0000D4600260CB9012070BD5C48006800F09B
:101DC0000F00A8420ED25948006820F00F002843A7
:101DD000564908600846006800F00F00A84201D08C
:101DE0000120E9E7207800F0020002281DD12078C8
:101DF00000F00400042805D14D48006840F4E0508C
:101E00004B490860207800F00800082805D14848B0
:101E1000006840F46040464908604548006820F08A
:101E2000F000A168084342490860207800F00100F2
:101E300090B36068012807D13D4808380068C0F3B6
:101E40004040A0B90120B7E76068022807D13848B0
:101E500008380068C0F3406048B90120ACE7344856
:101E600008380068C0F3400008B90120A4E73048F2
:101E7000006820F00300616808432D490860FFF7FF
:101E8000E7FA064609E0FFF7E3FA801B41F28831E2
:101E9000884202D903208FE707E02548006800F058
:101EA0000C006168B0EB810FEDD12048006800F0B4
:101EB0000F00A8420ED91D48006820F00F002843EB
:101EC0001A4908600846006800F00F00A84201D0D7
:101ED000012071E7207800F00400042807D114489D
:101EE000006820F4E050E168084311490860207858
:101EF00000F00800082808D10D48006820F4604070
:101F0000216940EAC1000A49086000F061F8084907
:101F10000968C1F30311074A515CC84006490860CB
:101F200006480068FFF7BAFA002045E7003C024087
:101F30000838024018AA0008040000207C02002093
:101F40000F2202600D4A126802F0030242600B4A3F
:101F5000126802F0F0028260084A126802F4E0524D
:101F6000C260064A126802F46042D2080261044A62
:101F7000126802F00F020A60704700000838024041
:101F8000003C024001480068704700000400002047
:101F900000B5FFF7F7FF04490968C1F38221034A3E
:101FA000515CC84000BD00000838024028AA000863
:101FB00000B5FFF7E7FF04490968C1F34231034A5E
:101FC000515CC84000BD00000838024028AA000843
:101FD0002DE9F047002400250026A1462548006889
:101FE00000F00C0020B1042805D008283AD105E003
:101FF000DFF8849039E0DFF8849036E01D48001F58
:10200000006800F03F041B48001F006800F48000D7
:1020100078B11A481749091F0968C1F38811A0FB54
:1020200001700146224600233846FEF74BF905466B
:102030000EE011480F49091F0968C1F38811A0FB80
:1020400001700146224600233846FEF73BF905465B
:102050000848001F0068C0F30140401C4600B5FB63
:10206000F6F902E0DFF8109000BF00BF4846BDE877
:10207000F0870000083802400024F40000127A00C3
:10208000F8B5044600270CB90120F8BD207800F00F
:102090000100002871D0F948006800F00C00042805
:1020A0000DD0F648006800F00C00082813D1F34862
:1020B000001F006800F48000B0F5800F0BD1EF48DE
:1020C00008380068C0F34040002869D060680028E4
:1020D00066D10120D9E700BF6068B0F5803F08D124
:1020E000E6480838006840F48030E4490839086060
:1020F0002EE0606868B9E1480838006820F4803054
:10210000DE49083908600846006820F4802008602D
:102110001EE06068B0F5A02F0DD1D84808380068DF
:1021200040F48020D549083908600846006840F42A
:10213000803008600CE0D1480838006820F4803016
:10214000CE49083908600846006820F480200860FD
:1021500000BF606890B1FFF77BF9054606E0FFF726
:1021600077F9401B642801D903208EE7C34808385B
:102170000068C0F340400028F1D011E0FFF768F993
:10218000054606E0FFF764F9401B642801D90320E7
:102190007BE7BA4808380068C0F340400028F1D116
:1021A000207800F00200022869D1B448006800F0ED
:1021B0000C0058B1B148006800F00C0008281CD190
:1021C000AE48001F006800F48000B0B9AB48083882
:1021D0000068C0F3400020B1E068012801D0012070
:1021E00053E7A6480838006820F0F800216940EA63
:1021F000C100A2490839086041E0E06828B39F485F
:102200000838006840F001009C4908390860FFF771
:102210001FF9054606E0FFF71BF9401B022801D90C
:10222000032032E7954808380068C0F340000028D2
:10223000F1D092480838006820F0F800216940EA9F
:10224000C1008E490839086019E08C4808380068D8
:1022500020F00100894908390860FFF7F9F80546C0
:1022600006E0FFF7F5F8401B022801D903200CE730
:10227000824808380068C0F340000028F1D1207877
:1022800000F00800082836D16069D0B17B486C3076
:10229000006840F0010079496C310860FFF7D8F818
:1022A000054606E0FFF7D4F8401B022801D90320B9
:1022B000EBE672486C300068C0F340000028F1D0B3
:1022C00019E06E486C30006820F001006B496C31F9
:1022D0000860FFF7BDF8054606E0FFF7B9F8401BB8
:1022E000022801D90320D0E664486C300068C0F3AE
:1022F00040000028F1D1207800F00400042874D1B7
:102300005E483830006800F0805080B900BF5B48FC
:102310003830006840F0805058493831086008462D
:10232000006800F08050009000BF00BF01275448B3
:10233000006800F48070B0B95148006840F48070C3
:102340004F490860FFF784F8054606E0FFF780F87C
:10235000401B642801D9032097E64948006800F42F
:1023600080700028F2D000BFA068012808D143483F
:102370006830006840F001004049683108602DE095
:10238000A06868B93D486830006820F001003B490A
:10239000683108600846006820F0040008601DE00D
:1023A000A06805280DD135486830006840F0040069
:1023B0003249683108600846006840F00100086052
:1023C0000CE02E486830006820F001002B4968318D
:1023D00008600846006820F00400086000BFA0689C
:1023E000A8B1FFF735F8054609E02EE0FFF730F811
:1023F000401B41F28831884201D9032045E61F483D
:1024000068300068C0F340000028EFD013E0FFF709
:102410001FF8054608E0FFF71BF8401B41F2883122
:10242000884201D9032030E6144868300068C0F3C0
:1024300040000028EFD1012F07D110483830006844
:1024400020F080500D4938310860A069002852D032
:102450000A48006800F00C00082865D0A06902282E
:102460004AD106480838006820F0807003490839CE
:102470000860FEF7EDFF05460BE00000083802405B
:1024800000700040FEF7E4FF401B022801D9032042
:10249000FBE53B480068C0F340600028F2D1E069EA
:1024A00040F00050216A0843616A40EA811101222C
:1024B000A06AC2EB500041EA00412C20005D41EAD5
:1024C00000602F49091D0860081F006840F08070F7
:1024D000091F0860FEF7BCFF054606E0FEF7B8FFDF
:1024E000401B022801D90320CFE525480068C0F32E
:1024F00040600028F2D040E02148006820F0807061
:102500001F490860FEF7A4FF054606E0FEF7A0FF9E
:10251000401B022801D90320B7E519480068C0F321
:1025200040600028F2D128E01548001D0668A06927
:10253000012820D006F48001E06981421BD106F019
:102540003F01206A814216D147F6C0703040616A6F
:10255000B0EB811F0FD106F440310122A06AC2EB1B
:102560005000B1EB004F06D106F070612C20005DE9
:10257000B1EB006F01D0012087E5002085E5000068
:1025800000380240704770477047000030B502467F
:102590000B4600BF92F83C00012801D1022030BD5B
:1025A000012082F83C0000BF022082F83D00106844
:1025B000416810688468214D1068A84203D0204DFE
:1025C0001068A84203D121F470015868014321F03A
:1025D00070011868014310684160184D1068A842E6
:1025E0001BD01068B0F1804F17D0164D1068A8426C
:1025F00013D0154D1068A8420FD0144D1068A84292
:102600000BD00F4D1068A84207D0114D1068A8429A
:1026100003D0104D1068A84205D124F080049868BA
:10262000044310688460012082F83D0000BF002050
:1026300082F83C0000BF00BFB1E70000000001408D
:10264000000401400004004000080040000C00406D
:10265000004001400018004010B504460CB90120AC
:1026600010BD94F83D0028B9002084F83C002046B5
:1026700000F02AF8022084F83D00211D206802F0B5
:1026800065FF012084F8480000BF84F83E00012166
:102690003F20015540200155412001554220015560
:1026A0004320015500BF00BF012084F844004520AD
:1026B0000155462001554720015500BF012084F8EF
:1026C0003D000020CCE7000038B504460D492068E5
:1026D000884215D100BF0C48006840F010000A493C
:1026E00008600846006800F01000009000BF00BFBE
:1026F000002201213620FEF74DFF3620FEF73AFF7B
:1027000038BD00000010004040380240014691F8FA
:102710003D00012801D001207047022081F83D00D2
:102720001C4B086898421BD00868B0F1804F17D046
:10273000194B0868984213D0184B086898420FD07C
:10274000174B086898420BD0164B0868984207D080
:10275000154B0868984203D0144B0868984210D172
:1027600008688068124B00EA0302062A0FD0B2F50F
:10277000803F0CD00868006840F001000B681860CA
:1027800005E00868006840F001000B681860002050
:10279000C2E70000000001400004004000080040C3
:1027A000000C0040000401400040014000180040BF
:1027B00007000100014691F83D00012801D00120E9
:1027C0007047022081F83D000868C06840F00100B1
:1027D0000B68D8601C4B086898421BD00868B0F1A1
:1027E000804F17D0194B0868984213D0184B0868CF
:1027F00098420FD0174B086898420BD0164B0868C8
:10280000984207D0154B0868984203D0144B0868CB
:10281000984210D108688068124B00EA0302062A29
:102820000FD0B2F5803F0CD00868006840F001007E
:102830000B68186005E00868006840F001000B684C
:1028400018600020BCE700000000014000040040C8
:1028500000080040000C004000040140004001401E
:102860000018004007000100704710B504462068BA
:102870000069C0F34000D8B12068C068C0F34000D0
:10288000B0B16FF002002168086101202077206854
:10289000806900F0030018B12046FFF7E5FF05E06E
:1028A000204600F013F9204600F02CFA0020207793
:1028B00020680069C0F38000D8B12068C068C0F308
:1028C0008000B0B16FF00400216808610220207719
:1028D0002068806900F4407018B12046FFF7C4FFFB
:1028E00005E0204600F0F2F8204600F00BFA002048
:1028F000207720680069C0F3C000D8B12068C068A4
:10290000C0F3C000B0B16FF0080021680861042076
:1029100020772068C06900F0030018B12046FFF757
:10292000A3FF05E0204600F0D1F8204600F0EAF9C8
:102930000020207720680069C0F30010D8B120681B
:10294000C068C0F30010B0B16FF0100021680861DA
:10295000082020772068C06900F4407018B1204634
:10296000FFF782FF05E0204600F0B0F8204600F0B7
:10297000C9F9002020772068006900F0010058B1F3
:102980002068C06800F0010030B16FF001002168DC
:102990000861204600F05AFA20680069C0F3C010B0
:1029A00058B12068C068C0F3C01030B16FF080002B
:1029B000216808612046FFF7E6FD20680069C0F342
:1029C000002058B12068C068C0F3C01030B16FF467
:1029D0008070216808612046FFF7D4FD20680069F7
:1029E000C0F3801058B12068C068C0F3801030B1C7
:1029F0006FF0400021680861204600F047FA206827
:102A00000069C0F3401058B12068C068C0F340109E
:102A100030B16FF02000216808612046FFF7B4FD57
:102A200010BD000010B586B00446142101A8FDF7C2
:102A300093FC2149206888421BD100BF1F480068D1
:102A400040F004001D4908600846006800F00400DA
:102A5000009000BF00BF8815019002200290002066
:102A6000039004900220059001A91548FEF7E4FBAD
:102A70001FE01449206888421BD100BF0F4800683E
:102A800040F008000D4908600846006800F00800A2
:102A9000009000BF00BF4FF4404001900220029020
:102AA0000020039004900220059001A90648FEF73B
:102AB000C3FB06B010BD00000004004030380240E7
:102AC0000008024000080040000C024070472DE959
:102AD000F04104460D461646002700BF94F83C001E
:102AE000012802D10220BDE8F081012084F83C00D9
:102AF00000BF0C2E51D005DC4EB1042E1ED0082E86
:102B00007AD133E0102E60D0142EF9D175E0294629
:102B1000206802F099FD2068806940F00800216873
:102B200088612068806920F004002168886120683D
:102B30008069296908432168886178E0294620680E
:102B400002F0BCFD2068806940F400602168886163
:102B50002068806920F4806021688861206880692D
:102B6000296940EA01202168886160E029462068DF
:102B700002F0E4FD2068C06940F008002168C861E7
:102B80002068C06920F004002168C8612068C0691D
:102B9000296908432168C86149E02946206802F094
:102BA0000BFE2068C06940F400602168C86120689D
:102BB000C06920F480602168C8612068C069296903
:102BC00040EA01202168C86131E02946206802F00E
:102BD0001FFE2068406D40F00800216848652068AD
:102BE000406D20F00400216848652068406D296927
:102BF0000843216848651AE017E02946206802F07A
:102C00002FFE2068406D40F4006021684865206810
:102C1000406D20F48060216848652068406D296916
:102C200040EA01202168486501E0012700BF00BF9C
:102C300000BF002084F83C0000BF384653E710B5C1
:102C400004460CB9012010BD94F83D0028B90020BD
:102C500084F83C00204600F029F8022084F83D006A
:102C6000211D206802F072FC012084F8480000BF9A
:102C700084F83E0001213F200155402001554120AC
:102C80000155422001554320015500BF00BF0120DE
:102C900084F8440045200155462001554720015540
:102CA00000BF012084F83D000020CCE708B5124A9F
:102CB000016891420DD100BF1049096841F002013D
:102CC0000E4A11601146096801F00201009100BF2F
:102CD00011E00B4A016891420DD100BF0749096814
:102CE00041F00401054A11601146096801F0040130
:102CF000009100BF00BF08BD000400404038024002
:102D0000000800407047000070B504460D4615B934
:102D100094F83E0015E0042D02D13F20005D10E044
:102D2000082D02D14020005D0BE00C2D02D1412086
:102D3000005D06E0102D02D14220005D01E043203D
:102D4000005D012801D0012070BD1DB9022084F86A
:102D50003E001AE0042D03D102213F20015514E06A
:102D6000082D03D10221402001550EE00C2D03D186
:102D700002214120015508E0102D03D102214220FB
:102D8000015502E002214320015501222946206815
:102D900002F048FC25492068884203D02449206875
:102DA000884201D1012000E0002028B12068406C59
:102DB00040F40040216848641C49206888421BD0C8
:102DC0002068B0F1804F17D01A492068884213D08C
:102DD0001949206888420FD01849206888420BD0D2
:102DE00013492068884207D015492068884203D0DB
:102DF00014492068884210D120688068124900EA8E
:102E00000106062E0FD0B6F5803F0CD02068006872
:102E100040F001002168086005E02068006840F08B
:102E200001002168086000208EE7000000000140DA
:102E3000000401400004004000080040000C004075
:102E400000400140001800400700010010B5044692
:102E50000A492068884201D1FEF700FB0849206832
:102E6000884209D107480088401C064908806FF055
:102E7000010005490968086110BD000000200040FC
:102E800000100040DE0100201806002070472DE9E8
:102E9000F04104460E461746E06F20282DD106B1BA
:102EA00017B90120BDE8F08100BF94F87400012833
:102EB00001D10220F6E7012084F8740000BF2066EB
:102EC0003A463146204603F025FC05469DB9206E62
:102ED00001280FD110202168086200BF00BF2168BF
:102EE00051E8001F41F01000226842E8000100296B
:102EF000F5D100E001252846D4E70220D2E7000002
:102F000070B504460D4607492068884201D101F09A
:102F1000BFFB05492068884202D1284601F0C6FB64
:102F200070BD0000004800400078004070B50446C5
:102F3000A56FE66F2068806800F08000802823D1AC
:102F4000212D21D100BF00BF2168083151E8001FA9
:102F500021F080002168083141E80002002AF3D105
:102F600000BFE06E68B1E06EFDF7DCFE48B1E06ED8
:102F7000FDF742FF202804D11020C4F88000032070
:102F800070BD204603F018FA2068806800F0400009
:102F9000402823D1222E21D100BF00BF2168083153
:102FA00051E8001F21F040002168083141E800028B
:102FB000002AF3D100BF206F68B1206FFDF7B2FE89
:102FC00048B1206FFDF718FF202804D11020C4F865
:102FD00080000320D4E7204603F0A5F90020CFE7C6
:102FE00010B504460749206888420AD1064800689F
:102FF000401C05490860D4F880000449086002F0CC
:103000005DFF10BD00780040C0010020C401002019
:103010002DE9F04704462068C569206806682068E5
:10302000876840F60F0005EA0009B9F1000F0CD1DE
:1030300005F0200048B106F0200030B1606E10B1FC
:103040002046616E8847BDE8F087B9F1000F7DD05A
:1030500007F0010018B9B64830400028F7D005F055
:10306000010058B106F4807040B101202168086267
:10307000D4F8800040F00100C4F8800005F00200A0
:1030800058B107F0010040B1022021680862D4F86D
:10309000800040F00400C4F8800005F0040058B13E
:1030A00007F0010040B1042021680862D4F88000D4
:1030B00040F00200C4F8800005F0080070B106F08E
:1030C000200010B907F0010040B108202168086213
:1030D000D4F8800040F00800C4F8800005F40060D7
:1030E00060B106F0806048B14FF40060216808626A
:1030F000D4F8800040F02000C4F88000D4F88000AC
:1031000000284BD005F0200038B106F0200020B197
:10311000606E10B12046616E8847D4F880A02068A8
:10312000806800F04000402802D00AF0280070B308
:10313000204603F0F8F82068806800F0400040283E
:1031400021D100BF00BF2168083100E027E051E82D
:10315000001F21F040002168083141E80002002AE8
:10316000F1D100BF206F50B17248216F0865206F08
:10317000FDF72EFE90B1206F016D88470EE02046CE
:10318000FFF72EFF0AE02046FFF72AFF06E0FFE7E1
:103190002046FFF725FF0020C4F8800053E7206E8B
:1031A00001287CD105F01000002878D006F010002E
:1031B0000028FAD01020216808622068806800F09A
:1031C000400040285BD1206F006840681FFA80F8FB
:1031D000B8F1000F52D0B4F8580040454EDDA4F8C5
:1031E0005A80206FC069B0F5807F3ED000BF00BF1D
:1031F000216851E8001F21F48070226842E8000134
:103200000029F5D100BF00BF00BF2168083151E897
:10321000001F21F001002168083141E80002002A66
:10322000F3D100BF00BF00BF2168083151E8001F83
:1032300021F040002168083141E80002002AF3D162
:1032400000BF2020E0670020206600BF00BF21688B
:1032500051E8001F21F01000226842E80001002917
:10326000F5D100BF206FFDF75DFDB4F85800B4F84C
:103270005A20801A81B22046FFF742FEE3E634F876
:10328000580F6188401A1FFA80F86088583CB0B324
:10329000B8F1000F33D000BF00BF216800E02FE07D
:1032A00051E8001F21F49070226842E800010029D3
:1032B000F3D100BF00BF00BF2168083151E8001FF3
:1032C00021F001002168083141E80002002AF3D111
:1032D00000BF2020E06700202066606600BF00BFBE
:1032E000216851E8001F21F01000226842E8000127
:1032F0000029F5D100BF41462046FFF701FEA2E6B6
:1033000005F0800040B106F0800028B1A06E10B139
:103310002046A16E884796E605F0400030B106F0E1
:10332000400018B1204603F030F88CE600BF8AE672
:10333000200100048961000810B504460CB9012081
:1033400010BDA06900B100E000BFA06F28B9002047
:1033500084F87400204600F029F82420A067206833
:10336000006820F0010021680860204603F034F86E
:10337000012800D1E4E7606A10B1204602F062FE45
:103380002068406820F49040216848602068806888
:1033900020F02A00216888602068006840F0010061
:1033A00021680860204602F0C9FEC9E710B586B062
:1033B0000446142101A8FCF7CFFFFD49206888428C
:1033C0004FD100BFFB48006840F48010F949086005
:1033D0000846006800F48010009000BF00BF00BFE6
:1033E000F4481038006840F00400F24910390860D1
:1033F0000846006800F00400009000BF00BF00BF56
:103400000846006840F0080008600846006800F0C0
:103410000800009000BF00BF8814019002200290B5
:1034200000200390032004900820059001A9E248A1
:10343000FDF702FF0420019002200290002003907B
:10344000032004900820059001A9DC48FDF7F4FE54
:10345000002202213520FEF79DF83520FEF78AF87C
:10346000FEE1D7492068884255D100BFD1480068A5
:1034700040F08040CF4908600846006800F0804076
:10348000009000BF00BF00BFCA481038006840F07D
:103490001000C849103908600846006800F01000A4
:1034A000009000BF00BF4FF4C07001900220029056
:1034B00000200390032004900820059001A9C14832
:1034C000FDF7BAFEC048C14908604FF0206048606F
:1034D0000021BE488160C1604FF48061016100211C
:1034E00041618161C1614FF480310162002141621B
:1034F000FDF7A6FD08B1FDF7B9FB00BFB348206793
:10350000846300BF002202215220FEF743F85220BC
:10351000FEF730F8A4E1AE492068884234D100BFFC
:10352000A448006840F00040A249086008460068CE
:1035300000F00040009000BF00BF00BF9D48103861
:10354000006840F010009B49103908600846006888
:1035500000F01000009000BF00BF03200190022087
:10356000029000200390032004900820059001A9F8
:103570009448FDF761FE002202215320FEF70AF86D
:103580005320FDF7F7FF6BE192492068884237D15D
:1035900000BF8848001D006840F010008549091DE3
:1035A00008600846006800F01000009000BF00BFEF
:1035B00000BF80481038006840F001007D49103994
:1035C00008600846006800F00100009000BF00BFDE
:1035D0004FF4C0600190022002900020039003206D
:1035E00004900720059001A97B48FDF725FE0022E5
:1035F00002212520FDF7CEFF2520FDF7BBFF2FE19F
:1036000076492068884256D100BF6A48006840F475
:103610000030684908600846006800F400300090F7
:1036200000BF00BF00BF63481038006840F00800CA
:103630006049103908600846006800F008000090F2
:1036400000BF00BF60200190022002900020039084
:10365000032004900720059001A95848FDF7ECFDD0
:10366000594830305E4908604FF0006048600021E2
:103670005B488160C1604FF480610161002141615C
:1036800081614FF48071C1610902016200214162D0
:10369000FDF7D6FC08B1FDF7E9FA00BF50482067F6
:1036A000846300BF002202212620FDF773FF26203D
:1036B000FDF760FFD4E04B492068884277D100BF16
:1036C0003C48006840F480203A4908600846006899
:1036D00000F48020009000BF00BF00BF35481038C4
:1036E000006840F00400334910390860084600685B
:1036F00000F00400009000BF00BF4FF44060019054
:1037000002200290002003900320049007200590DF
:1037100001A92948FDF790FD2B483038324908604F
:103720004FF00060486000212F488160C1604FF475
:1037300080610161002141618161C1614FF480318B
:10374000016200214162FDF77BFC08B1FDF78EFAB2
:1037500000BF25482067846300BF1B4818302349F9
:103760000860400548604021204881600021C16018
:103770004FF480610161002141618161C1614FF4B9
:103780008031016200214162FDF75AFC08B1FDF76A
:103790006DFA00BF1548E066846300BF0022022175
:1037A0002720FDF7F7FE2720FDF7E4FE58E01FE095
:1037B000005000404038024000080240000C024027
:1037C000007800400010024058600240000A0020CB
:1037D000007C004000100140000002400044004016
:1037E000600A002000480040C00A0020200B002092
:1037F0001C492068884233D100BF1B48006840F054
:103800002000194908600846006800F02000009078
:1038100000BF00BF00BF14481438006840F0040027
:103820001149143908600846006800F0040000904F
:1038300000BF00BFC0200190022002900020039032
:10384000032004900820059001A90848FDF7F4FC26
:10385000002201214720FDF79DFE4720FDF78AFE4B
:1038600006B010BD00140140443802400008024078
:1038700070B504460D461646E06F202828D105B1E4
:103880000EB9012070BD00BF94F87400012801D169
:103890000220F7E7012084F8740000BF00202066B2
:1038A0002068406800F4000060B100BF00BF2168DC
:1038B00051E8001F41F08060226842E800010029C1
:1038C000F5D100BF32462946204602F023FFD9E752
:1038D0000220D7E7704770472DE9F84F04460E469F
:1038E00017469946A06F20285DD106B117B901206F
:1038F000BDE8F88F00BF94F87400012801D10220C0
:10390000F6E7012084F8740000BF002050342063E3
:103910002120A062FDF79CFD824627806780503CF5
:10392000A068B0F5805F04D1206910B90025B046C9
:1039300002E035464FF0000800BF002084F8740014
:1039400000BF1DE05346002280212046CDF80090A4
:1039500002F04AFF08B10320CAE745B9B8F80000F1
:10396000C0F308002168886208F1020803E02878A3
:10397000216888626D1CB4F85200401EA4F8520001
:10398000B4F852000028DDD15346002240212046E1
:10399000CDF8009002F028FF08B10320A8E720200E
:1039A000A0670020A4E70220A2E7000070B504464B
:1039B0000E461546A06F202853D106B10DB901203F
:1039C00070BD00BF94F87400012801D10220F7E710
:1039D000012084F8740000BF44F84C6FA580E58096
:1039E000002060632120E062206A4C3C00B31E4846
:1039F000E16EC8631D48E16E08641D48E16EC8644D
:103A00000020E16E0865236803F128022B46E16C73
:103A1000E06EFDF78BFB58B11020C4F8800000BFAA
:103A2000002084F8740000BF2020A0670120C7E7B1
:103A300040202168086200BF002084F8740000BFA5
:103A400000BF00BF2168083151E8001F41F080002D
:103A50002168083141E80002002AF3D100BF0020AC
:103A6000AEE70220ACE70000C56200081963000859
:103A7000A16100087047704700B58DB00C488068A0
:103A80000B4949680A4A12680A4B9B68CDE9003223
:103A9000CDE902100748436807A1026805A803F0B2
:103AA00071F805AA08A109A004F066FF0DB000BDD9
:103AB0003C120020301200202564256425642B254B
:103AC000642564256400000074787400743000007C
:103AD00000BFFEE72DE9F0474F4800684068C0F599
:103AE00080701FFA80FA8FE0002001F093F95528CA
:103AF0000BD04A490988481CC11700EB1161091213
:103B0000A0EB0121454A11807EE0012001F082F9FD
:103B10000446532C0DD0522C0BD040490988481C28
:103B2000C11700EB11610912A0EB01213B4A118082
:103B30006AE00026B04607E01FFA88F001F06AF953
:103B40003044C6B208F10108B8F10A0FF4DB0A20CC
:103B500001F060F9B0420BD030490988481CC11708
:103B600000EB11610912A0EB01212C4A11804BE0FE
:103B7000062001F04FF98146072001F04BF9074676
:103B800049EA072005B2532C20D100EE905AB8EE36
:103B9000E01ADFED231AC1EE210A9FED221A60EE32
:103BA000810AB0EE600ADFED200A60EE200A1F48AD
:103BB00090ED001ADFED1E1A41EE810AC0ED000AF9
:103BC0001C480078C0431B49087010E0522C0ED1ED
:103BD00000EE105AB8EEC00ADFED170A20EE200AF8
:103BE000DFED0F0A80EE201A104880ED031A0B4912
:103BF000098801F10B00C11700EB11610912A0EB5C
:103C00000121064A118000BF504601F0EFF80B2851
:103C1000BFF66AAFBDE8F087600A0020FE01002011
:103C200000000047000034436666663F80110020B4
:103C3000CDCCCC3D000200200000FA4410B500209D
:103C40000D49088008200D490968086210200B49B9
:103C50000968086202010A490848FFF709FE08B12D
:103C6000FDF704F805480068806840F0010003494A
:103C70000968886010BD0000FE0100207408002063
:103C80008010002008B506F0E1FC009000BF05E0C0
:103C90000521684606F05AF9FFF71CFFF8E7000017
:103CA0001CB50548072100238022CDE9001003A19F
:103CB000054806F035FC1CBD24030020494D555F26
:103CC0005461736B00000000853C000800B50521BD
:103CD000064804F009FF9FED060A064880ED010A38
:103CE0009FED030A80ED020A00BD0000E5010020FF
:103CF00000000000480F002010B5FCF753FF01F052
:103D00005DF8FFF7B9FE00F00DFAFCF7F3FF00F0E5
:103D100061FF04F0B3F900F073F808210848FEF7DA
:103D2000F3FF08210748FEF7EFFF01F0FFFD022037
:103D3000FCF748FF04F068FD03F06CFE10BD0000C6
:103D400080050020CC050020012802D0022816D1D1
:103D50000AE011490978114A11700F490979117265
:103D60000D49097A11740BE00D4909780B4A11705D
:103D70000B49097911720A49097A117400E000BFF0
:103D800000BF6FF02101054A516000220349CA605B
:103D900020224A617047000030120020140C0020DD
:103DA0003C12002070B52DED048B04462046FCF734
:103DB000F7FB41EC190B104903C941EC100B53EC14
:103DC000102B51EC190BFCF773FB21F00041FCF7B1
:103DD000F8FB0A490860204600F02EF80748006802
:103DE00040004FF47A714843B0FBF1F5284606F0E5
:103DF0007DF8BDEC048B70BDF81300207402002028
:103E000010B5FBEE041A14219FED081AF6EE000A15
:103E1000B7EE000A064800F0BDFE064800680068DC
:103E200040F0200003490968086010BD0000000050
:103E3000981300206C0700202DE9F0472DED048B2E
:103E40000646B7EE000AB0EE409A41F288394FF0CC
:103E5000320AFDF7FDFA804600207B4908840120E4
:103E600048849FED7A0A084680ED090A9FED770A9B
:103E700080ED0A0AB7EE000A80ED0C0A9FED740A85
:103E800080ED0D0A3046FCF78BFB724AC2E9020155
:103E9000114603C941EC100B1146D1E9020153EC64
:103EA000102BFCF705FB6B4AC2E90401BAE0FDF7F1
:103EB000CFFAA0EB080041F28831884200D9BEE079
:103EC00000256449D1E9040121F000419FED620B16
:103ED00053EC102BFCF7C0FB0FD85E49D1E904016D
:103EE0009FED5F1B53EC112BFCF7B6FB01D20A20B0
:103EF00001E06FF0090005460EE05649D1E90401E2
:103F00009FED571B53EC112BFCF7A6FB01D20120B0
:103F100001E04FF0FF3005462846FCF741FB41EC3D
:103F2000180B4C4903C941EC100B53EC102B51EC0E
:103F3000180BFCF71CFA474A03C2464903C99FED18
:103F40004A1B53EC112BFCF787FB08D3414903C9EB
:103F50009FED471B53EC112BFCF766FB14D23D4938
:103F600003C99FED3F1B53EC112BFCF775FB02D2ED
:103F70009FED410A01E09FED410A10EE107A3846AC
:103F8000FCF73EFB334A03C2324903C941EC100B34
:103F90003049D1E9020153EC102BFCF789FA2D4A84
:103FA000C2E90401114603C9FCF76EFB00EE100ADA
:103FB0009FED331AC0EE010A9FED320A20EE800A0F
:103FC000DFED310A20EE200A1F4880ED0B0A03F0D6
:103FD00001FF012211032D48FDF734FA012251039C
:103FE0002A48FDF72FFA0120FDF712F9322311229A
:103FF00015492748FFF770FC04460120FDF708F932
:1040000000224FF400512148FDF71CFA00224FF422
:1040100080511E48FDF716FA04B110E00A20FDF7A2
:10402000F7F800BF0B49D1E9040121F000419FEDF1
:10403000190B53EC102BFCF70FFBFFF438AF00BF4C
:10404000BDEC048BBDE8F087B81300200000000031
:104050009A99193EF8130020000000000000244047
:1040600000000000000000000000000000004440CC
:1040700000000000008076C0000020420000B4C3B1
:1040800000003443DA0F49405C8FCA40000402400C
:104090006C070020000000000000F03F70B50446EF
:1040A00000251B48FEF742FF00B170BD72B61848EC
:1040B000006F30B11648006F00684068C0F18000A2
:1040C000C5B2002D21DD04B31248007840B9124872
:1040D000124908600F480078C0430E49087007E095
:1040E0000F480E4908600B480078C0430949087022
:1040F0002A46214609480068FCF715F962B62946A8
:104100000648006801F07AFC00E062B600BFCCE728
:10411000F808002094010020200E002090010020CB
:10412000A00E002010B59FED1F0A1F4880ED000A69
:104130009FED1C0A80ED010A9FED1A0A80ED020A2C
:104140009FED180A194880ED000A9FED160A80EDD0
:10415000010A9FED140A164880ED000A9FED110A2E
:1041600080ED010A9FED0F0A124880ED000A9FEDD5
:104170000D0A80ED010A9FED0B0A0F4880ED000A41
:104180009FED080A80ED010A0C480068006840F0C5
:1041900020000A4909680860802209490748FEF79B
:1041A00076FE10BD00000000940D002038010020B4
:1041B000400100204801002050010020F8080020A4
:1041C000A00D002008B500BF1648006840F400109C
:1041D000144908600846006800F40010009000BF11
:1041E00000BF002205210C20FDF7D4F90C20FDF7BB
:1041F000C1F9002205210E20FDF7CCF90E20FDF7B4
:10420000B9F9002205210F20FDF7C4F90F20FDF7B1
:10421000B1F9002205211020FDF7BCF91020FDF7AF
:10422000A9F908BD3038024000B587B01C22074903
:104230006846FCF778F80021684603F048FF044917
:10424000086001F0A5F807B000BD0000FCA9000857
:104250000000002000B587B0142102A8FCF77CF80C
:1042600000BF3F48006840F080003D4908600846B4
:10427000006800F08000019000BF00BF00BF08464A
:10428000006840F0100008600846006800F0100068
:10429000019000BF00BF00BF0846006840F0020068
:1042A00008600846006800F00200019000BF00BFEF
:1042B00000BF0846006840F0080008600846006833
:1042C00000F00800019000BF00BF00BF0846006872
:1042D00040F0040008600846006800F00400019007
:1042E00000BF00BF00BF0846006840F00100086042
:1042F0000846006800F00100019000BF00BF0022E6
:104300004FF440511748FDF79DF84FF4405002908C
:104310000120039000200490059002A91148FCF7A9
:104320008BFF4FF40040029000200390049002A9FC
:104330000C48FCF781FF4FF40040029000200390EE
:10434000049002A90848FCF777FF0B200290002098
:104350000390049002A90548FCF76EFF07B000BD6A
:10436000303802400004024000000240000C0240CD
:1043700000B58BB00020089009900A901C2101A87C
:10438000FBF7EAFF18481949086040F237404860D7
:1043900000211648816040F2CF71C16000210161A7
:1043A0008161FEF74CFC08B1FCF760FC002008902E
:1043B0000A9008A90D48FEF7E9F808B1FCF756FC89
:1043C000602001900020029003900590082201A92E
:1043D0000648FEF77CFB08B1FCF748FC0348FEF7F3
:1043E00021FB0BB000BD0000000400408005002050
:1043F00000B58BB00020089009900A901C2101A8FC
:10440000FBF7AAFF1C481D49086040F2374048608E
:1044100000211A48816040F2CF71C1600021016122
:104420008161FEF70CFC08B1FCF720FC002008902D
:104430000A9008A91148FEF7A9F808B1FCF716FC84
:10444000602001900020029003900590082201A9AD
:104450000A48FEF73CFB08B1FCF708FC0C2201A956
:104460000648FEF734FB08B1FCF700FC0348FEF7F2
:10447000D9FA0BB000BD000000080040CC050020B8
:104480000EB500200090019002900E480E49086081
:1044900040F23740486000210B4881606321C160D1
:1044A00080218161FEF7D8F808B1FCF7DFFB00201E
:1044B0000090029069460448FEF768F808B1FCF7DE
:1044C000D5FB0EBD001000401806002010B50D48A9
:1044D0000D4908604FF4E130486000210A488160CE
:1044E000C16001610C21416100218161C1610162F2
:1044F0000020054948620846FEF71EFF08B1FCF798
:10450000B5FB10BD005000406406002010B50D48FA
:104510000D4908604FF4E130486000210A4881608D
:10452000C16001610C21416100218161C1610162B1
:104530000020054948620846FEF7FEFE08B1FCF778
:1045400095FB10BD00780040E806002010B50D482E
:104550000D4908600D48486000210B488160C1602A
:1045600001610C21416100218161C1610162002072
:10457000054948620846FEF7DFFE08B1FCF776FB06
:1045800010BD0000007C00406C07002000093D00C9
:1045900010B50D480D4908604FF4E1304860002126
:1045A0000A488160C16001610C2141610021816183
:1045B000C16101620020054948620846FEF7BCFE61
:1045C00008B1FCF753FB10BD00100140F0070020BC
:1045D00010B50D480D4908604FF4E13048600021E6
:1045E0000A488160C16001610C2141610021816143
:1045F000C16101620020054948620846FEF79CFE41
:1046000008B1FCF733FB10BD0044004074080020E3
:1046100010B50D480D4908604FF4E13048600021A5
:104620000A488160C16001610C2141610021816102
:10463000C16101620020054948620846FEF77CFE20
:1046400008B1FCF713FB10BD00480040F80800203B
:1046500010B50D480D4908604FF416504860002110
:104660000A488160C16001610C21416100218161C2
:10467000C16101620020054948620846FEF75CFE00
:1046800008B1FCF7F3FA10BD001401407C090020CA
:1046900010B50448FFF702FD802202490248FEF7E8
:1046A000F6FB10BDA00D0020F808002070B50446F0
:1046B0002646082E00DD08261A4804801A4800689D
:1046C000401C19490860002005E01849095C184A97
:1046D0001154411CC8B20828F7DB042C03D113483D
:1046E00004F0A2F904E0082C02D1104804F0D6F935
:1046F000002505E00D49485D01F0F4FA681C85B21B
:10470000B542F7DB082209490A48FEF7C0FB094811
:10471000006F0068006820F008000649096F09680A
:10472000086070BDB0010020B40100209801002095
:10473000A8010020E806002003F04CFA03E04FF443
:104740007A7005F0D3FBFAE71CB506480521002373
:104750004FF40072CDE9001003A1064805F0E0FE19
:104760001CBD0000100300204D61696E5F54617331
:104770006B0000003947000800BFFEE7254B93EDB2
:10478000010A254BD3ED010A30EE200A234BD3ED6D
:10479000010A30EE200A224BD3ED010A30EE200A46
:1047A000F5EE000A20EE200A82ED000A194B93ED87
:1047B000010A194BD3ED010A30EE200A174BD3ED55
:1047C000010A30EE600A164BD3ED010A30EE600AA2
:1047D000F5EE000A20EE200A80ED000A0D4B93ED65
:1047E000010AB1EE400A0C4BD3ED010A30EE200A6B
:1047F0000A4BD3ED010A30EE200A094BD3ED010A32
:1048000030EE600AF5EE000A20EE200A81ED000A83
:1048100070470000380100204001002048010020BE
:104820005001002072B671EE001A71EEE01A0D48C8
:10483000C0ED001A71EE001A71EEA01A0A48C0ED20
:10484000001A71EE401A71EEA01A0848C0ED001A65
:1048500071EE401A71EEE01A0548C0ED001A62B61A
:10486000704700003801002040010020480100206E
:104870005001002070B52DED068B84B0B0EE408A5B
:10488000F0EE608AB0EE419AF0EE619A3848006826
:104890000090384800680190374800680290374817
:1048A00000680390002500245CE02646601C012877
:1048B00006D0022809D003280CD0042814D10EE019
:1048C000BDEEC80A10EE105A10E0BDEEE80A10EE78
:1048D000105A0BE0BDEEC90A10EE105A06E0BDEE0C
:1048E000E90A10EE105A01E0002500BF00BF701C5D
:1048F0005DF824100870F6205DF8241048702846F2
:10490000FBF74EFE21F000419FED1D0B53EC102BE9
:10491000FBF7A2FE002D0BDD00205DF8241088704F
:10492000280A5DF82410C8705DF824100D710BE0A2
:104930006D4201205DF824108870280A5DF824106B
:10494000C8705DF824100D71C8205DF824104871FE
:1049500001205DF8241088716B205DF82410C87167
:10496000601CC4B2042CA0DB04B0BDEC068B70BD8F
:10497000680100206C0100207401002070010020FB
:104980000000000000E06F4038B50A208DF80100FB
:104990006D208DF802006B208DF8030001240BE0E0
:1049A000E0B28DF800000421684604F0ABF8062060
:1049B000FCF708F9601C84B2042CF1DD38BD00005E
:1049C00010B52DED048BB0EE408AF0EE608AB0EEAB
:1049D000419AB0EE491AF0EE680AB0EE480AFFF7C5
:1049E00021FF0E4890ED002AF0EE421A0C4890ED9F
:1049F000002AB0EE421A0B4890ED002AF0EE420A6F
:104A0000094890ED002AB0EE420AFFF733FF03F0A9
:104A100081FF00F077FCBDEC048B10BD500100203D
:104A200048010020400100203801002070B52DED24
:104A3000048BB0EE408AF0EE608AB0EE419A0546F3
:104A40000E461F490D76012048764EB9002000F031
:104A500075FCFFF799FFFFF739F9C820FCF7B2F8AA
:104A60009FED180A28EE000A154880ED010AB1EE04
:104A7000680ADFED150A20EE200A80ED000A80EDBD
:104A8000029A0146487E00F059FC00200F49087048
:104A9000FCF7DEFC04460AE0FCF7DAFC001B42F2FD
:104AA0001071884200D906E00220FCF78BF8074815
:104AB00000780128F0D100BFBDEC048B70BD000070
:104AC000145100206FF0C13F0282B93F3401002031
:104AD00000BFFEE7B0EE401AF0EE601A71EE613AE8
:104AE000F0EE630AD0ED003A63EEA03AB0EE633A1E
:104AF000D0ED073A73EEA03AC0ED073AD0ED073A91
:104B000090ED034AF4EEC43AF1EE10FA04DDD0ED74
:104B1000033AC0ED073A10E0D0ED073A90ED034AB2
:104B2000B1EE444AF4EEC43AF1EE10FA05D2D0EDFB
:104B3000033AF1EE633AC0ED073AD0ED013A90ED59
:104B4000074A63EE842AD0ED023A90ED064A30EE31
:104B5000C44A23EE842A73EE223A33EE820AC0ED71
:104B6000060AD0ED053AF4EEC03AF1EE10FA04D29E
:104B7000D0ED053AB0EE630A0AE0D0ED043AF4EE67
:104B8000C03AF1EE10FA03DDD0ED043AB0EE630A5C
:104B90007047000080ED000AC0ED010A80ED021AA6
:104BA0009FED0A2A80ED032A02EE101AB8EEC22AFF
:104BB00080ED052AC0ED041A9FED052A80ED072A35
:104BC0009FED032A80ED062A704700000000C842CE
:104BD0000000000010B500200449086048608860AB
:104BE0000120C86001F06AF910BD000040100020EB
:104BF0002DE9F04704460D46164600272846FCF7E7
:104C00004FF880464046FCF735F88146FBF7C8FC74
:104C10003F4AC2E90201012D04D0022D0BD0032D21
:104C20001BD111E09FED3B0B394880ED040B8C202C
:104C30003749886112E09FED390B354880ED040B50
:104C400032203349886109E09FED360B304880ED12
:104C5000040B8C202E49886100E000BF00BF012CAE
:104C600002D0022C04D101E0AA2701E0642700BF92
:104C700000BF142001F0E8FE254890ED021BB0EEC5
:104C8000410AF0EE610A51EC100BFBF79AFC8146E9
:104C9000FFF788F8012002F069FF5020FBF792FF30
:104CA000502001F00DFF022002F060FF5020FBF7C2
:104CB00089FF002001F004FF022C02D1022001F044
:104CC000C3FE134890ED041BB0EE410AF0EE610AFA
:104CD00051EC100BFBF775FC8146FFF763F80C49AC
:104CE000886901F0B1FE1EB9384601F0E9FE04E022
:104CF000012E02D1812001F0E3FE012002F036FFF7
:104D00005020FBF75FFF282001F0DAFEBDE8F087B6
:104D1000D00B00200000000000C06BC000000000AD
:104D2000008066C000000000000062C02DE9F0476E
:104D300005460E4617469946002434E0012D02D060
:104D4000022D28D113E024B1012C06D0022C0CD165
:104D500007E0184890F8008007E0164890F80480B3
:104D600003E0144890F8088000BF00BF13E024B1AE
:104D7000012C06D0022C0CD107E00F4890F80080DF
:104D800007E00D4890F8048003E00B4890F8088095
:104D900000BF00BF00BF00BF3A4641463046FFF7A4
:104DA00027FF601CC4B2032CC8DB002001F04CFEBE
:104DB000BDE8F087301200203C120020084800684F
:104DC000006840F020000649096808600020054995
:104DD00008604860886004490860486088607047DF
:104DE00064060020301200203C12002001460848D2
:104DF0000088814204DB06480088081A80B27047A8
:104E000003480088C0F58070084480B2F7E70000CE
:104E1000FE0100200246064800888118C81701EBF1
:104E200010600012A1EB0020024B185C70470000DC
:104E3000FE0100208010002070B52DED0E8BB0EE2D
:104E4000409AF0EE609AB0EE41AA43F69825B7EE8C
:104E5000000AB0EE40DAB7EE000AF0EE40DAB2EE49
:104E6000080AB0EE40EAB2EE0E0AF0EE40EAF0EECA
:104E700049AAB0EE69BAF0EE4ABA012000F05EFA33
:104E80004FF4FA7005F032F86FF0B300FEF78AFFC6
:104E90001E2001F0D9FD6E2001F012FE4FF4FA70D1
:104EA00005F024F801F0C6FD72217A2000F03CFAEA
:104EB000052003F0F9FC4FF4967005F017F8FCF7A5
:104EC000C7FA04460EE1052003F0EEFC642005F06D
:104ED0000DF8FBF7FDFE91490860FBF7FFFE9049D6
:104EE0000860FBF701FF052800D0FBE08B48006855
:104EF000FF2803D08A480068FF2800D1F2E08748E5
:104F00000068FBF74DFB21F000419FED860B53EC51
:104F1000102BFBF789FB2AD881480068FBF740FB80
:104F200021F000419FED7F0B53EC102BFBF77CFB36
:104F30001DD89FED7E1ADFED7D0A9FED7C0AFFF7FD
:104F40003FFD642004F0D2FF01210846B0EE6B1A49
:104F5000F0EE4B0AB0EE6A0AFFF768FD9FED731A98
:104F6000DFED720A9FED710AFFF72AFDC2E09FEDA7
:104F70006F8ADFED6E8A6A480068FBF711FB21F04B
:104F800000419FED6B0B53EC102BFBF765FB0CD234
:104F9000634890ED000AB8EEC00AB1EE400AF7EEA1
:104FA000000A20EE200AB0EE408A5C480068FBF759
:104FB000F7FA21F000419FED5E0B53EC102BFBF74D
:104FC0004BFB0AD2554890ED000AB8EEC00AF7EE46
:104FD000000A20EE200AF0EE408AB2EE0E0AB4EE8D
:104FE000C08AF1EE10FA03DDB2EE0E0AB0EE408A8E
:104FF000BAEE0E0AB4EEC08AF1EE10FA03D2BAEE9F
:105000000E0AB0EE408AB2EE0E0AF4EEC08AF1EE5D
:1050100010FA03DDB2EE0E0AF0EE408ABAEE0E0A86
:10502000F4EEC08AF1EE10FA03D2BAEE0E0AF0EEF8
:10503000408AB5EEC08AF1EE10FA18D018EE100AC8
:10504000FBF7DEFA21F000419FED3B0B53EC102BF8
:10505000FBF7EAFA0BD2B5EEC08AF1EE10FAB2EE27
:10506000080AFAEE080A30FE200AB0EE408AF5EE91
:10507000C08AF1EE10FA18D018EE900AFBF7C0FAC9
:1050800021F000419FED2C0B53EC102BFBF7CCFAD9
:105090000BD2F5EEC08AF1EE10FAB2EE080AFAEE83
:1050A000080A30FE200AF0EE408A254880ED008A8A
:1050B0002448C0ED008A3AEE880AF0EE40AA3BEEA2
:1050C000280AB0EE40BA4FF001010846B0EE6B1A64
:1050D000F0EE4B0AB0EE6A0AFFF7A8FC642004F079
:1050E00005FF00BFFCF7B4F9001B43F69821884286
:1050F000FFF4E9AE00BF9FED0D1ADFED0C0A9FED46
:105100000B0AFFF75DFC002001F0DAFC4FF496700B
:1051100004F0ECFEBDEC0E8B70BD0000140300200B
:1051200018030020000000000000084000000000FC
:1051300000000000000000400000000000002840C7
:105140001C0300202003002010B5012000F0F6F819
:105150004FF4FA7004F0CAFE002101209FED2D1AD1
:10516000DFED2C0A9FED2B0AFFF760FCDFED2A0A2A
:105170009FED2A0A00F064F80120FEF7E5FDFEF736
:105180007BFC012108469FED231ADFED250A9FEDE8
:10519000250AFFF74BFC05F089FB4FF4FA7004F089
:1051A000A5FE012108469FED1B1ADFED1F0A9FEDAA
:1051B0001F0AFFF73BFCC82004F098FE01210846B7
:1051C0009FED1B1ADFED1B0A9FED180AFFF72EFC5F
:1051D000C82004F08BFE012108469FED151ADFED73
:1051E000160A9FED120AFFF721FCC82004F07EFE8C
:1051F000012108469FED111ADFED0F0A9FED0B0A02
:10520000FFF714FCC82004F071FEC82004F06EFE05
:1052100010BD00000000000000803B440000164369
:105220000040B5440000F4420080894400000C4373
:105230000000B4420000874400203245000034439F
:10524000F0B52DED028B89B0B0EE408AF0EE608AA9
:10525000002028490860284908602022274901A821
:10526000FBF761F804264FF47A7700243DE001A8AB
:1052700000EBC40090ED011A31EE281AF0EE410A5D
:1052800001A800EBC40090ED001A31EE081AB0EE50
:10529000410A012108469FED1A1AFFF7C7FBFCF7E8
:1052A000D7F8054602E0322004F020FE11480068DD
:1052B00040B91148006828B9FCF7CAF8401BB0F59E
:1052C0007A7FF0D30B48006810B90B48006850B1E2
:1052D000FEF7D2FB4FF4967004F008FE012009B0EF
:1052E000BDEC028BF0BD601CC4B2042CBFDB0020FF
:1052F000F5E70000180200201C02002038AC00086E
:105300000000000010B5002006490870FF2048701A
:10531000662088706B20C8700421024803F0F2FBFD
:1053200010BD000078010020024A1060024A11609E
:1053300070470000200200202402002010B504461F
:10534000012C04D10548006804F0ECFE04E01CB90F
:105350000248006804F08CFF10BD0000E802002045
:1053600000BF012002F0A2FEFBE7000010B50446DA
:10537000FEF7C2FCFEF794FCFBF750FBFFF7E4F9E5
:105380000248006804F052FE10BD0000E402002054
:105390001CB50648052100234FF48072CDE90010AA
:1053A00003A1064805F0BCF81CBD0000E402002083
:1053B00053746172745F5461736B00006D53000825
:1053C00010B500BF502072B680F31188BFF34F8F25
:1053D000BFF36F8F62B600BF05F03EF918B14FF012
:1053E00080500449086000BF002080F3118800BF8E
:1053F00010BD000004ED00E000B5B3B0302127A8D7
:10540000FAF7AAFF142122A8FAF7A6FF842101A81F
:10541000FAF7A2FF00BF2D48006840F080502B49EA
:1054200008600846006800F08050009000BF00BF90
:1054300000BF2748006840F44040254908600846FE
:10544000006800F44040009000BF00BF012027909A
:105450000004289002202D90410527A8C161042155
:105460000162D821416202218162C162FCF708FE1B
:1054700008B1FBF7FBFBFCF7DFF808B1FBF7F6FB25
:105480000F20229002202390002024904FF4A0505F
:1054900025902690072122A8FCF788FC08B1FBF78D
:1054A000E5FB4FF477500190002012901390149078
:1054B0001690179018904FF48040199001A8FCF7AF
:1054C00003F908B1FBF7D2FB33B000BD403802400E
:1054D000007000400348006840F470000149086013
:1054E0007047000088ED00E010B50248FDF7BDF9F7
:1054F00010BD00001806002010B50E480068C068F6
:1055000000F0010078B10C49086980470020094982
:105510000968486200BF642006490968C8626421BE
:105520000448C16000BF6FF00100024909680861CA
:1055300010BD00002C0C00203C00002010B50248DB
:10554000FDF793F910BD0000800B002010B5026834
:10555000294B98420ED0B0F1804F0BD0274B984288
:1055600008D0274B984205D0264B984202D0264BB4
:10557000984203D122F070024B681A431E4B9842A6
:1055800020D0B0F1804F1DD01C4B98421AD01C4B3C
:10559000984217D01B4B984214D01B4B984211D005
:1055A0001A4B98420ED01A4B98420BD0194B984286
:1055B00008D0194B984205D0184B984202D0184B8E
:1055C000984203D122F44072CB681A4322F0800340
:1055D0004C6943EA040202608B68C3620B68836211
:1055E000054B984202D0084B984201D10B690363E6
:1055F0000123436110BD0000000001400004004091
:1056000000080040000C0040000401400040014040
:10561000004401400048014000180040001C0040C8
:105620000020004030B501F01F05012404FA05F305
:10563000046A9C430462046A01F01F0502FA05F53E
:105640002C43046230BD000030B5056A25F0010529
:105650000562026A43688469154D2C4024F00304F6
:105660000D682C4322F002028D682A43114DA84296
:1056700000D103E0104DA84206D100BF22F008027D
:10568000CD682A4322F004020A4DA84202D00A4DF6
:10569000A84207D123F4807323F400734D692B4390
:1056A0008D692B43436084614D684563026230BD60
:1056B0008FFFFEFF000001400004014030B5056A85
:1056C00025F010050562026A43688469184D2C4074
:1056D00024F440740D6844EA052422F020028D6809
:1056E00042EA0512134DA84200D103E0124DA84230
:1056F00007D100BF22F08002CD6842EA051222F0F5
:1057000040020C4DA84202D00B4DA84209D123F40F
:10571000806323F400634D6943EA85038D6943EA9E
:105720008503436084614D688563026230BD00007B
:10573000FF8FFFFE000001400004014030B5056A04
:1057400025F480750562026A4368C469174D2C40D0
:1057500024F003040D682C4322F400728D6842EAA1
:105760000522134DA84200D103E0124DA84207D1F3
:1057700000BF22F40062CD6842EA052222F4806272
:105780000B4DA84202D00B4DA84209D123F48053FF
:1057900023F400534D6943EA05138D6943EA051369
:1057A0004360C4614D68C563026230BD8FFFFEFF78
:1057B000000001400004014030B5056A25F4805521
:1057C0000562036A4468C2690E4D2A4022F44072A1
:1057D0000D6842EA052223F400538D6843EA05333D
:1057E000094DA84202D0094DA84204D124F48044B6
:1057F0004D6944EA85144460C2614D6805640362E2
:1058000030BD0000FF8FFFFE00000140000401409A
:1058100030B5056A25F480350562026A4368446D37
:105820000C4D2C400D682C4322F400320D8942EAC5
:105830000542094DA84202D0084DA84204D123F4E4
:1058400080334D6943EA0523436044654D688565AF
:10585000026230BD8FFFFEFF0000014000040140E6
:1058600030B5056A25F480150562026A4368446D07
:105870000D4D2C400D6844EA052422F400120D89D8
:1058800042EA0552094DA84202D0094DA84204D16E
:1058900023F480234D6943EA8523436044654D68C2
:1058A000C565026230BD0000FF8FFFFE00000140B1
:1058B0000004014070B5054600242CE0012D02D003
:1058C000022D22D110E024B1012C05D0022C09D1E7
:1058D00005E01448067805E01248067902E0114810
:1058E000067A00BF00BF10E024B1012C05D0022CC5
:1058F00009D105E00C48067805E00B48067902E07E
:105900000948067A00BF00BF00BF00BF304601F063
:10591000D7FD601CC4B2032CD0DB012002F026F9B5
:1059200070BD0000301200203C12002010B5002095
:105930000849886008604860DFED071A37219FED4D
:10594000071ADFED060A9FED060A0648FFF722F95F
:1059500010BD00007010002000005CC200000000BC
:10596000CDCC6C405010002038B504460D4600BF29
:105970001148006840F020000F49086008460068A0
:1059800000F02000009000BF00BF0022032137205C
:10599000FBF700FE3720FBF7EDFD084808490860DB
:1059A0000846456000218160C4600161FCF754FE37
:1059B0000348FCF7FFFE38BD4038024000140040A9
:1059C0002C0C002000210B4A106006E04A1C91B20A
:1059D0004FF6FE72914200DD06E0064A0C3A12686C
:1059E00002F04002002AF1D000BF0822024B1B68DF
:1059F0001A627047284400407408002070B50546BC
:105A00000E4600241FE0301B08280BDBE01D285C3D
:105A10006B2807D12819082100F01AF804F10800B2
:105A2000C4B210E0301B04280ADBE01C285C6B28A1
:105A300006D12819042100F00BF8201DC4B202E0A1
:105A4000601CC4B200BFB442DDDB012070BD0000A9
:105A500030B54A1E825C6B2A00D030BD0278774C8C
:105A60002468E3B2082903D1032A01D15C1CE3B204
:105A70000D064C1E045D45EA044444EA02241C431E
:105A80006E4D2C6008297DD10278012A06D0022AA9
:105A900032D0032A5ED0042A75D18CE0C278120677
:105AA000037942EA0342437942EA032283791A43A3
:105AB00000EE102AB8EEC00A614A82ED010A92EDAA
:105AC000010ADFED600A20EE200ADFED5F0A80EEBA
:105AD000201A82ED011A8278012A06D1584A92EDE5
:105AE000010AB1EE400A82ED010A584A527842F0AA
:105AF0000102564B5A708DE0C2781206037942EAD1
:105B00000342437942EA032283791A4300EE102AC2
:105B1000B8EEC00A4E4A82ED010A92ED010ADFEDAD
:105B2000490A20EE200ADFED480A80EE201A82EDB5
:105B3000011A8278012A06D1454A92ED010AB1EE96
:105B4000400A82ED010A414A527842F002023F4B7C
:105B50005A705FE0C2781206037942EA0342437941
:105B600042EA032283791A4300EE102AB8EEC00AF3
:105B7000384A82ED010A92ED010ADFED320A20EE89
:105B8000200A01E047E044E0DFED2F0A80EE201A12
:105B900082ED011A8278012A06D12E4A92ED010A7D
:105BA000B1EE400A82ED010A284A527842F004021E
:105BB000264B5A702EE0C2781206037942EA03425D
:105BC000437942EA032283791A4300EE102AB8EEA1
:105BD000C00A214A82ED010A92ED010ADFED190A9D
:105BE00020EE200ADFED180A80EE201A82ED011A5D
:105BF0008278012A06D1184A92ED010AB1EE400AD4
:105C000082ED010A114A527842F008020F4B5A7095
:105C100000E000BF10E004290ED10278012A0BD168
:105C2000C2786B2A08D14278F62A05D18278022AF6
:105C300002D10122054B1A7000BF0EE7640100205B
:105C4000380100200000B44300008047EC0200202F
:105C500040010020480100205001002000210B4A93
:105C6000906206E04A1C91B24FF6FE72914200DD4E
:105C700005E0064AD26902F04002002AF2D000BFD5
:105C80000822034B1B681A62704700000050004056
:105C90006406002004480068006840F020000249C3
:105CA00009680860704700007C09002000210B4A49
:105CB000106006E04A1C91B24FF6FE72914200DD80
:105CC00006E0064A0C3A126802F04002002AF1D0BF
:105CD00000BF0822024B1B681A627047281401405B
:105CE0007C09002010B50446002005E01A4A411C3A
:105CF000515C1154411CC8B20728F7DB1648C47127
:105D00000078012803D01448007802280AD11248EC
:105D10004078362806D11048C0796B2802D10E4849
:105D200000F01CF80C480079012803D00A480079DB
:105D300002280FD108484079FD280BD10648807908
:105D40009F2807D10448C0796B2803D10248001D61
:105D500002F06AFE10BD0000A001002000B503465D
:105D6000D8796B2800D000BD184602F097FE00BF1E
:105D7000F9E700004149C96901F02001002977D005
:105D80003E49496AC8B23E49097801F01F013D4ABF
:105D900050543B490978491C394A11703A490968FD
:105DA000491C394A11603949096859B931285FDB02
:105DB00033285DDC364908700121364A1160334AC8
:105DC000116055E031490968012951D131490A680A
:105DD0000968491C2F4B19602D49885419460968D8
:105DE000072945DB2A49C9782B2937D12849097861
:105DF0003039294A1160264949783039516024499F
:105E0000897830399160224909793039234A116003
:105E10001F494979303951601D498979303991607C
:105E20001D490968642251431B4A526802EB8202F1
:105E300001EB4201184A92681144194A116017494E
:105E4000096864225143154A526802EB820201EB51
:105E50004201124A92681144124A116000210B4A11
:105E600011600C4A11600A4900220A608A808A7116
:105E700008210D4A1268116270470000005000406E
:105E80000C0200201012002010020020040200204A
:105E90009011002008020020301200203C12002047
:105EA000180200201C0200206406002010B50248E1
:105EB000FDF7AEF810BD0000E806002010B51A4846
:105EC0000068401C184908601848FDF72FF80F209B
:105ED00016490968086215480068806940F00800A2
:105EE00012490968886100201049C1F8800020200B
:105EF000C8670020086608220D490C48FCF7C7FF58
:105F0000044654B90948006F0068006820F0080092
:105F10000649096F0968086004E006480068401CEB
:105F20000449086010BD0000C8010020E8060020F8
:105F300098010020CC01002070B53A48006800F0BC
:105F40002000002869D0374808300068C4B2FD2C12
:105F500008D13548007828B9012033490870334802
:105F600004705AE0EE2C0CD12F480078012808D19B
:105F700002202D4908702D48447002202C490870D9
:105F80004BE029480078022840D1294800781028A1
:105F90003CDA264826490978445425480078401CB4
:105FA0002349087008460078102836D100250E22B3
:105FB0001E49002001F0EEFD05461E490D70281215
:105FC0001D4908701948807B1A490978884215D103
:105FD0001648C07B1849097888420FD11348807A47
:105FE00000061249497A40EA01401049097A40EA1C
:105FF00001200E49C97908431049086000200A4968
:10600000087014210948FAF7A7F906E000200649AC
:10601000087014210548FAF79FF908200849096813
:10602000086270BD1C7C0040660200201014002035
:10603000650200207102002070020020680200202A
:106040006C07002090F8241001F0010139B10168BB
:10605000496821F40031826A11430268516090F866
:10606000241001F00201022907D10168496821F4D6
:106070008031C26A11430268516090F8241001F027
:106080000401042907D10168496821F48021026BC9
:1060900011430268516090F8241001F008010829AA
:1060A00007D10168496821F40041426B114302683D
:1060B000516090F8241001F01001102907D10168F7
:1060C000896821F48051826B11430268916090F8D5
:1060D000241001F02001202907D10168896821F4EA
:1060E0000051C26B11430268916090F8241001F0D6
:1060F0004001402913D10168496821F48011026CE4
:10610000114302685160016CB1F5801F07D101682D
:10611000496821F4C001426C11430268516090F853
:10612000241001F08001802907D10168496821F419
:106130000021826C114302685160704738B50446F3
:106140000020C4F88000FBF783F90546206800684A
:1061500000F0080008280CD16FF07E402B4600228A
:106160004FF400110090204600F03EFB08B10320E0
:1061700038BD2020A067E0670020206600BF84F8BB
:10618000740000BF00BFF3E770B50546AC6B00209C
:10619000A4F85A00A4F852002046FCF721FF70BD75
:1061A0002DE9F0410546AC6BA66FE76F206880686B
:1061B00000F08000802807D1212E05D10020A4F80E
:1061C0005200204600F0F8F82068806800F0400097
:1061D000402807D1222F05D10020A4F85A002046DC
:1061E00000F0A1F8D4F8800040F01000C4F880005E
:1061F0002046FCF7F5FEBDE8F08170B50546AC6BB6
:10620000E869B0F5807F3FD00020A4F85A0000BFB5
:1062100000BF216851E8001F21F48070226842E825
:1062200000010029F5D100BF00BF00BF216808317F
:1062300051E8001F21F001002168083141E8000207
:10624000002AF3D100BF00BF00BF2168083151E828
:10625000001F21F040002168083141E80002002AB7
:10626000F3D100BF2020E067206E01280CD100BFD1
:1062700000BF216851E8001F21F01000226842E8A9
:1062800000010029F5D100BF206E012805D1B4F826
:1062900058102046FCF734FE02E02046FDF71AFBBA
:1062A00070BD70B50546AC6B206E012806D1B4F800
:1062B000580041082046FCF723FE02E02046FDF787
:1062C0000AFB70BD70B50546AC6BE869B0F5807F20
:1062D0001ED00020A4F8520000BF00BF2168083182
:1062E00051E8001F21F080002168083141E80002D8
:1062F000002AF3D100BF00BF00BF216851E8001F92
:1063000041F04000226842E800010029F5D102E096
:106310002046FDF7AFFB70BD70B50446A56B28465F
:10632000FDF7A9FB70BD00BF00BF026852E8002F57
:1063300022F49071036843E80012002AF5D100BFEF
:1063400000BF00BF0268083252E8002F22F00101AE
:106350000268083242E80013002BF3D100BF016E3F
:1063600001290CD100BF00BF026852E8002F22F0C3
:106370001001036843E80012002AF5D100BF202174
:10638000C167002101664166704710B5044600BF31
:1063900000BF216851E8001F21F04000226842E858
:1063A00000010029F5D100BF2020A0670020A066D1
:1063B0002046FDF75FFB10BD00BF00BF026852E83A
:1063C000002F22F0C001036843E80012002AF5D133
:1063D00000BF2021816770472DE9F04705464FF047
:1063E000000A2969A868084369690843E96940EA1D
:1063F000010828680068BC49084040EA080029688C
:1064000008602868406820F44050E968084329681B
:106410004860D5F81880286A40EA0808286880682B
:1064200020F4306040EA08002968886000BFAF4966
:106430002868884216D1AE48006800F0030030B1E9
:10644000012808D0022804D0032808D105E001243F
:1064500007E0022405E0042403E0082401E01024FE
:1064600000BFC9E0A3492868884216D1A048006847
:1064700000F00C0030B1042808D0082804D00C2803
:1064800008D105E0002407E0022405E0042403E02D
:10649000082401E0102400BFAEE097492868884234
:1064A00016D19348006800F0300030B1102808D0B1
:1064B000202804D0302808D105E0002407E0022479
:1064C00005E0042403E0082401E0102400BF93E069
:1064D0008A492868884216D18548006800F0C000C3
:1064E00030B1402808D0802804D0C02808D105E069
:1064F000002407E0022405E0042403E0082401E06E
:10650000102400BF78E07E492868884219D1784875
:10651000006800F4407048B1B0F5807F0AD0B0F553
:10652000007F05D0B0F5407F08D105E0002407E0EA
:10653000022405E0042403E0082401E0102400BF45
:106540005AE070492868884219D16948006800F407
:10655000406048B1B0F5806F0AD0B0F5006F05D04B
:10656000B0F5406F08D105E0012407E0022405E002
:10657000042403E0082401E0102400BF3CE0624949
:106580002868884219D15A48006800F4405048B140
:10659000B0F5805F0AD0B0F5005F05D0B0F5405F80
:1065A00008D105E0002407E0022405E0042403E00C
:1065B000082401E0102400BF1EE0544928688842E6
:1065C00019D14B48006800F4404048B1B0F5804F05
:1065D0000AD0B0F5004F05D0B0F5404F08D105E026
:1065E000002407E0022405E0042403E0082401E07D
:1065F000102400BF00E0102400BFE869B0F5004F90
:1066000039D1092C17D2DFE804F005090D160F1651
:1066100016161300FBF7BCFC064610E0FBF7C8FC9F
:1066200006460CE03A4E0AE0FBF7D2FC064606E0CE
:106630004FF4004603E000264FF0010A00BF00BF00
:1066400086B37000696800EB5100B0FBF1F7102FC2
:106650000ED3B7F5803F0BD24FF6F07007EA000972
:10666000C7F3420049EA00092868C0F80C9034E0FA
:106670004FF0010A31E0092C18D2DFE804F00509D7
:106680000D170F1717171400FBF782FC064611E0D1
:10669000FBF78EFC06460DE01D4E0BE0FBF798FC69
:1066A000064607E019E04FF4004603E000264FF0ED
:1066B000010A00BF00BF86B1686806EB5000696838
:1066C000B0FBF1F7102F06D3B7F5803F03D2B8B275
:1066D0002968C86001E04FF0010A00206866A866DA
:1066E0005046BDE8F0870000F369FFEF001001405D
:1066F000903802400044004000480040004C0040F8
:10670000005000400014014000780040007C004030
:106710000024F40070B504460E4615466665A4F8DC
:1067200058500020C4F880002220E067206F00B39A
:106730002A48216FC8632A48216F08642948216FBD
:10674000C8640020216F0865236803F124012B46EB
:10675000626D206FFAF7EAFC58B11020C4F880008F
:1067600000BF002084F8740000BF2020E0670120F3
:1067700070BD00BF002084F8740000BF206960B1C4
:1067800000BF00BF216851E8001F41F480702268FB
:1067900042E800010029F5D100BF00BF00BF216819
:1067A000083151E8001F41F001002168083141E83B
:1067B0000002002AF3D100BF00BF00BF21680831EA
:1067C00051E8001F41F040002168083141E8000213
:1067D000002AF3D100BF0020CAE70000FB610008D7
:1067E000A3620008A16100082DE9F04104460D46AE
:1067F00017469846069E67E0701C002864D0FAF79A
:1068000027FEA0EB0800B04200D836BB00BF00BF97
:10681000216851E8001F21F4D070226842E800018D
:106820000029F5D100BF00BF00BF2168083151E841
:10683000001F21F001002168083141E80002002A10
:10684000F3D100BF2020A067E06700BF002084F8DC
:10685000740000BF0320BDE8F0812068006800F0EC
:10686000040080B32068C069C0F3C02058B34FF45F
:1068700000602168086200BF00BF216851E8001F66
:1068800021F4D070226842E800010029F5D100BF50
:1068900000BF00BF2168083151E8001F21F001004E
:1068A0002168083141E80002002AF3D100BF20200E
:1068B000A067E067C4F8800000BF002084F874007F
:1068C00000BF0320C7E7FFE72068C0692840A8424F
:1068D00001D1012000E00020B8428DD00020BAE7AD
:1068E00010B51F480068C069C0F3401010B31C48C1
:1068F0000068406AC4B21B48008800F40040C8B970
:106900001848008800F4804060B10A2C03D00020B1
:106910001449088020E01348008840F400401149E1
:10692000088019E00D2C06D10E48008840F4804004
:106930000C49088010E00B480088C0F30D000A499C
:106940000C5408480088401C064908800846008806
:10695000C72801DD002008800148FCF759FB10BD65
:10696000F007002030010020780C00200F4800685C
:10697000C06900F00800082802D10C4909680862C3
:106980000A480068C06900F00400042802D10749E1
:106990000968086205480068C06900F00200022822
:1069A00002D102490968086270470000740800209B
:1069B00010B50248FCF72CFB10BD0000F8080020C1
:1069C00010B51748006800F0200020B314480830C4
:1069D0000068C4B2552C08D11248006828B90120BB
:1069E000104908600020104908700E48006801280E
:1069F00011D10D4801780078401C0B4A10700B48EB
:106A00004454AA2C07D1002006490860114608709A
:106A1000064801F0D3FF082005490968086210BD47
:106A20001C1401404402002048020020941200205F
:106A30007C09002010B580210148F9F78DFC10BDBC
:106A40009412002000BFFEE770B52DED048B0446C4
:106A5000002C00DA0024502C00DD50246042F9F7AD
:106A60009FFD41EC190B9FED130B53EC102BF9F725
:106A700025FD41EC180BF9F7A4FD104948600020F2
:106A8000C86008464168022001F050FB002503E081
:106A9000012003F02BFA6D1C0848C068012802D0C1
:106AA000B5F5967FF4D30548406804490860BDEC0D
:106AB000048B70BDA5973F6DA1014140701000206F
:106AC00070B52DED068B044600252046F9F768FDCC
:106AD0009FED1D0B53EC102BF9F7F0FC9FED1C0BF9
:106AE00053EC102BF9F7EAFCF9F76BFD1A494860F3
:106AF0000968081BF9F754FD21F000419FED170BC1
:106B000053EC102BF9F790FD02D8BDEC068B70BD4D
:106B100000201149C86008464168012001F006FBC9
:106B200003E0012003F0E2F96D1C0B48C068012866
:106B300003D041F658308542F3D3074840680649F0
:106B4000086000BFE1E7000046AE330183C7324072
:106B50000000000000002C40401000209A999999F4
:106B60009999D93F0FB4054B10B503A9044A02986F
:106B700000F00AF910BC5DF814FB0000617D00080C
:106B8000280300200FB4084B10B504A902AA0398EB
:106B900000F0FAF8044602A9002000F08CFC204620
:106BA00010BC5DF814FB0000B774000802480068D0
:106BB000C0F30220704700000CED00E010B5002883
:106BC00004DB0A07130E054A135406E00A07140EE5
:106BD000034A00F00F031B1FD45410BD00E400E073
:106BE00018ED00E002E008C8121F08C1002AFAD11F
:106BF00070477047002001E001C1121F002AFBD13D
:106C0000704700002DE9FF5F82B00021DDE904300C
:106C1000020DDDF840B0034318D044F61050A2F244
:106C2000FF3242431514119801281FD0A5EB0B0029
:106C3000401C5FEA000A4FF000064E4FDFF8389123
:106C4000B046504615D5CAF1000413E0119801244E
:106C50004AA3012801D16FEA0B010298119AC0E9F9
:106C60000031C0E9024206B0BDE8F09FCBF1000060
:106C7000DFE704460021404A491842EB0450CDE9C1
:106C8000001012E0E00707D032463B464046494636
:106C9000F9F714FC8046894632463B4610461946B1
:106CA000F9F70CFC06460F466410002CEAD1DDE92A
:106CB0000401DDE90023BAF1000F06DAF9F7FEFB63
:106CC00042464B46F9F7FAFB05E0F9F7D4FD424698
:106CD0004B46F9F7D0FD04460E460022284BF9F743
:106CE000BBFC03D84FF0FF30014607E00022254BE4
:106CF00020463146F9F73BFBF9F72CFE102409E05A
:106D0000002C0ADB0A220023F9F7DCFA039B30325D
:106D10001A55641E50EA0102F2D1641C039AC4F1B0
:106D200011031444119A012A03D0012208430DD102
:106D30000AE0084304D000204FF0110B119072E7D5
:106D4000A3EB0B056D1E0DE05B4504DD4FF000026B
:106D500005F1010504E003DA4FF00002A5F1010599
:106D6000002AECD002981199C0E90231C0E900452F
:106D700079E70000000014400000F03F3000000000
:106D80000000F0430000E03F2DE9FF4F95B09B4627
:106D90008946064600250FE2252877D1002427469C
:106DA000F84A0121059400E0044316F8013F203B16
:106DB00001FA03F01042F7D130782A2811D06FF091
:106DC0002F033078A0F13002092A16D8059A44F032
:106DD000020402EB820203EB42021044761C05908F
:106DE000EFE759F8042B0592002A03DA504244F4E5
:106DF0000054059044F00204761C30782E2816D1F9
:106E000016F8010F44F004042A280DD06FF02F0269
:106E10003078A0F13003092B09D807EB870302EB88
:106E20004303C718761CF3E759F8047B761C3078C7
:106E30006C280FD006DC4C2817D068280DD06A28A3
:106E400014D104E0742810D07A280FD10DE044F456
:106E500000140AE044F4801401E044F44014727811
:106E6000824202D104F58014761C761C30786628A4
:106E70000BD013DC582877D009DC002875D04528C2
:106E8000F6D04628F4D047281AD19DE118E06328AF
:106E900035D0642879D0652812D195E1702873D057
:106EA00008DC6728F1D069286FD06E280DD06F28D4
:106EB00006D1B5E073282CD0752875D0782874D009
:106EC0005A46179990476D1C75E1C4F30250022889
:106ED00009D003280DD0D9F8001004280DD00D607A
:106EE00009F1040967E1D9F80010EA17C1E9005275
:106EF000F6E7D9F800100D80F2E70D70F0E719F809
:106F0000041B8DF8001000208DF80100EA460120D6
:106F100003E059F804AB4FF0FF3061074FF0000178
:106F200002D40DE008F101018846B9420FDA80452C
:106F3000F8DB1AF808100029F4D108E008F1010183
:106F400088468142FADB1AF808100029F6D1059824
:106F50005B46A0EB080721463846179A00F094FAE2
:106F6000284400EB080507E04DE029E10DE01AF8A0
:106F7000010B5A4617999047B8F10108F7D25B46C2
:106F800021463846179A13E142E00A220092C4F3E0
:106F900002524FF0000A022A08D059F804CB032A03
:106FA0004FEAEC710AD00DE029E02AE009F107016F
:106FB00021F00702F2E802C1914609E00FFA8CFCC9
:106FC0004FEAEC71042A03D14FFA8CFC4FEAEC71C2
:106FD000002907DA0A460021DCF1000C61EB02010E
:106FE0002D2202E0220504D52B228DF80420012257
:106FF00003E0E20701D02022F7E7904659E00A219A
:1070000002E010220DE010214FF0000A00910BE089
:1070100010224FF0000A44F004040827009203E015
:1070200008224FF0000A0092C4F30252022A05D04F
:1070300059F804CB0021032A08D009E009F107011F
:1070400021F00702F2E802C1914605E01FFA8CFC2C
:10705000042A01D10CF0FF0C4FF00008220728D5BC
:10706000702806D0009B83F0100353EA0A0305D072
:107070000EE040228DF80420012208E05CEA0102C3
:1070800006D030228DF804208DF8050002229046AB
:10709000009B83F0080353EA0A030AD15CEA010269
:1070A00001D1620705D530228DF804204FF0010888
:1070B0007F1E582804D034A003900EA802900DE043
:1070C00036A0F9E753466046009AF9F7FBF8844684
:1070D0000398825C0298401E029002705CEA0100F4
:1070E000F0D1029806A9081A00F1200A600702D51B
:1070F00024F4803400E00127574502DDA7EB0A00A5
:1071000000E0002000EB0A01009005984144401A7D
:107110000590E00306D45B462146179A059800F0D7
:10712000B3F90544002706E001A85A46C05D179947
:1071300090476D1C7F1C4745F6DBE0030CD55B4692
:107140002146179A059800F09FF9054404E0302085
:107150005A46179990476D1C0099481E00900029C7
:10716000F5DC08E0029802995A460078491C029121
:10717000179990476D1CBAF10001AAF1010AF1DCE0
:1071800065E10000092801003031323334353637EB
:107190003839616263646566000000003031323363
:1071A0003435363738394142434445460000000003
:1071B00000F058F90544761C307800287FF4ECADD7
:1071C00019B02846BDE8F08F620700D4062709F100
:1071D000070222F0070CFCE80223E14603F0004816
:1071E0005FEA080C02D00FF2702C0DE05FEA045C3D
:1071F00002D50FF2682C07E05FEAC47C02D00FF2E0
:10720000602C01E0AFF2700C4FF0FF3823F0004328
:10721000CDF850C065280CD006DC452809D046289A
:107220001DD047283DD13DE0662818D067287ED183
:1072300038E00021112F01DB112000E0781CCDE99E
:10724000000106A90EA8FFF7DDFCDDE90F010E9A8B
:1072500003910021009207F1010A04914DE04FF0E3
:1072600000400097CDE9011006A90EA8FFF7CAFC5F
:10727000DDE90F0203920E9B11990022DDF80CA0AC
:107280000093049211B9791C00EB010AB7EB0A00D4
:1072900004D4C0F1FF3007F1010A0490AAEB070003
:1072A000019044E0012F00DA01270021112F01DDB8
:1072B000112000E03846CDE9000106A90EA8FFF72D
:1072C000A1FCDDE90F010E9A0391002104910092C7
:1072D000BA4621070CD40399514500DA8A46BAF11F
:1072E000010F05DD009AAAF10101515C302908D097
:1072F000B84202DA10F1040F06DA0121CDE90110DB
:1073000015E0AAF10101E9E7002805DC0499014430
:107310000491AAEB000102E0411C514500DD8A46C0
:107320000499401A401C01904FF000400290200741
:1073300004D40198504501DBCDF8048000208DF87D
:107340004F0002980DF14F07B0F1004F25D02B20D0
:107350000E9002984FF0020800280CDA404202908A
:107360002D200E9007E00A210298F9F7A9F9303193
:10737000029007F8011DB8F10001A8F10108F2DC44
:1073800002980028EFD1791E0E980870307800F02E
:10739000200040F0450007F8020D12A8C01B00F1C4
:1073A00007081498007800B1012000EB0A01019849
:1073B00001EBE07105984144401A401E0590E0033E
:1073C00006D45B462146179A059800F05DF80544FF
:1073D0001498007818B15A46179990476D1CE0032D
:1073E00024D55B462146179A059800F04DF80544D0
:1073F0001CE00498002807DBDDE90301884203DD77
:107400000098405C179901E0179930205A46904740
:10741000049805F10105401C04900198401E01905C
:1074200004D12E205A46179990476D1CBAF10001DD
:10743000AAF1010ADDDC05E017F8010B5A4617999D
:1074400090476D1CB8F10001A8F10108F4DC5B461F
:107450002146179A0598ABE62D0000002B0000008E
:10746000200000002DE9F041044600251E46174685
:10747000880404D405E039462020B0476D1C641E02
:10748000F9D52846BDE8F0812DE9F04104460025F4
:107490001E469046C80301D5302700E02027880407
:1074A00004D505E041463846B0476D1C641EF9D549
:1074B0002846BDE8F0810A68531C0B6010707047C5
:1074C00070B504462046F9F7EBFB05462846F9F768
:1074D000D1FB0646F9F764F8324AC2E90201012CF1
:1074E00004D0022C0BD0032C1BD111E09FED2E0BEE
:1074F0002C4880ED040B8C202A49886112E09FED16
:107500002C0B284880ED040B32202649886109E0C5
:107510009FED290B234880ED040B8C2021498861C5
:1075200000E000BF00BF1F4890ED041BB0EE410A11
:10753000F0EE610A51EC100BF9F743F80646FCF740
:1075400031FC18498869FFF77FFA012000F00EFB33
:10755000AA20FFF7B5FA022000F008FB7820F9F71F
:1075600031FB0020FFF7ACFA1420FFF76DFA0D484D
:1075700090ED021BB0EE410AF0EE610A51EC100BE7
:10758000F9F71FF80646FCF70DFC5020FFF798FAB4
:10759000012000F0EBFA6420F9F714FB2820FFF734
:1075A0008FFA70BDD00B00200000000000C06BC03F
:1075B00000000000008066C000000000000062C003
:1075C00070B52DED0C8BF9F743FF054600F024FD57
:1075D000F54840780F280DDA9FEDF41ADFEDF30A35
:1075E0009FEDF20AFDF7ECF90620F9F7EBFABDEC96
:1075F0000C8B70BDEE4A111F081FFDF7BFF8EC4859
:107600001438007E01280AD1EA48D0ED000AB0EE15
:10761000600A00F00FFDE648143880ED050AE448E2
:107620001438D0ED020AB0EE600AF9F7D7FAE24852
:1076300080ED000ADE48143890ED031AF0EE410A9E
:1076400090ED001AB0EE410ADC48FDF743FADC4841
:1076500080ED000AD648143890ED041AF0EE410A85
:1076600090ED011AB0EE410AD648FDF733FAD6483C
:1076700080ED000AD5480068F8F7C2FF21F000410C
:107680009FEDD30B53EC102BF8F7E6FF0CD3D24849
:107690000068F8F7B5FF21F000419FEDCD0B53ECEA
:1076A000102BF8F7D9FF02D2B1EE000A01E0B3EED9
:1076B000040AF0EE40AAC24890ED000AC348D0ED9B
:1076C000000A30EE600AB0EE40BABF4890ED000A02
:1076D000C148D0ED000A30EE600AF0EE40BAB6487C
:1076E00090ED000ABD48D0ED000A30EE600AB0EE21
:1076F00040DAB0EE081AF8EE080AB0EE4B0A00F0D5
:107700001FFAB0EE40BAB0EE081AF8EE080AB0EE72
:107710006B0A00F015FAF0EE40BAB0EE6A1AF1EE1C
:107720006A0AB0EE4D0A00F00BFAB0EE40DAA74854
:1077300090ED000A30EE0B0AA14880ED000AA64841
:1077400090ED000A30EE2B0A9F4880ED000AA34816
:1077500090ED000A30EE0D0A974880ED000A94483B
:10776000143890ED000AD0ED030A30EE600A10EEF6
:10777000101A0846F8F744FF21F00041F8F784FF9B
:1077800009EE100A8A48143890ED010AD0ED040A77
:1077900030EE600A10EE101A0846F8F731FF21F0BB
:1077A0000041F8F771FF08EE900A8148143890ED17
:1077B000020AD0ED050A30EE608A05E09FED880AE6
:1077C00038EE400AB0EE408A9FED860AB4EEC08AD9
:1077D000F1EE10FAF2DC05E09FED810A38EE000AC6
:1077E000B0EE408A9FED800AB4EEC08AF1EE10FA46
:1077F000F2D318EE100AF8F703FF21F00041F8F772
:1078000043FF04469FED790A69EE009A9FED770ADF
:1078100028EE80AAB0EE691AF1EE690A684890ED88
:10782000000A00F08DF9664880ED000AB0EE4A1AB1
:10783000F1EE4A0A644890ED000A00F081F96248CE
:1078400080ED000AB2EE040AB4EEC09AF1EE10FA2E
:1078500009D89FED560A5A4880ED000A9FED530A59
:107860005A4880ED000AB2EE040AF4EEC08AF1EE46
:1078700010FA09D89FED4D0A534880ED000A9FED9C
:107880004B0A554880ED000A2046F8F7B9FE21F072
:1078900000419FED570B53EC102BF8F7C5FE04D8B1
:1078A0009FED420A444880ED000A19EE100AF8F7ED
:1078B000A7FE21F000419FED500B53EC102BF8F781
:1078C000B3FE28D818EE900AF8F79AFE21F000418E
:1078D0009FED490B53EC102BF8F7A6FE1BD8204662
:1078E000F8F78EFE21F000419FED450B53EC102B75
:1078F000F8F79AFE0FD84448007860B943480078FA
:10790000401C4249087008460078022806DB012026
:107910003D49087002E000203C4908703A48007870
:1079200001281AD19FED210A284880ED000A9FED19
:107930001F0A294880ED000A9FED1C0A274880EDA8
:10794000000A0020314908709FED181ADFED170A70
:107950009FED160AFDF734F849E6194890ED000A44
:107960001A4880ED000A184890ED000A1A4880ED88
:10797000000A114890ED000A184880ED000A0E48F0
:1079800090ED001A1048D0ED000A0D4890ED000A65
:10799000FDF716F8F9F75CFD401B1D490860002053
:1079A0000149487000BF22E6EC0200200000000000
:1079B0002851002080110020F802002030510020C2
:1079C000F402002050510020F002002000030020AB
:1079D000000000000000F03F040300200803002026
:1079E0000000B44300003443000034C39A99993E28
:1079F000000000A09999C93F000000000000244049
:107A0000000000403333D33F340100200E03002038
:107A1000FC02002010B5DFED1B1AFA219FED1A1AA7
:107A2000DFED1A0A9FED1A0A1A48FDF7B3F8DFEDE9
:107A3000151AFA219FED141ADFED140A9FED140AAE
:107A40001548FDF7A7F89FED100A144880ED000ACD
:107A50009FED0D0A80ED010A9FED0B0A80ED020AF1
:107A60009FED090A80ED030A9FED070A80ED040AE5
:107A70009FED050A80ED050A012008490876487641
:107A800010BD000000007AC3000000000AD7A33B2D
:107A9000295C8F3E305100205051002014510020AD
:107AA0001D4800781D49086008460068302829D024
:107AB0001948407830B31848807818B318480068DF
:107AC0001849086018480068486018484068144918
:107AD0000968401A16490860144880681249096804
:107AE000401A14490860114840680D490968081A8D
:107AF000114908600D4880680B490968081A0F4948
:107B0000086008E0FF200C4908600C49086008493B
:107B10000860084908607047941200204C02002059
:107B200020020020380200202402002048120020F9
:107B30003002002034020020280200202C02002005
:107B4000F0EE401AF4EEE01AF1EE10FA02D2B0EEC6
:107B5000600A7047F4EEC11AF1EE10FA02DDB0EEE1
:107B6000410AF6E7B0EE610AF3E70000012802D00F
:107B700002280AD104E04B21054A1268D16305E0CE
:107B80008221034A1268D16300E000BF00BF704742
:107B9000CC0500202DE9F04105460C4616462F463F
:107BA00005E014F8011B384600F008F80746301EBF
:107BB000A6F10106F5D13846BDE8F081024682EA19
:107BC0000100C0B2024B33F8100080EA2220704757
:107BD00030AA000810B5FDF7B7FA9FED561ADFED91
:107BE000560A9FED560AFDF727F9642002F07EF948
:107BF0000123002219461846FDF798F84FF49670B5
:107C000002F074F90120FDF755FE4FF4967002F072
:107C10006DF90020FEF754FF0020FEF715FF4FF42A
:107C2000967002F063F9012108469FED421ADFEDDC
:107C3000440A9FED420AFCF7F9FEC82002F056F90B
:107C4000012108469FED3F1ADFED3D0A9FED3B0AFB
:107C5000FCF7ECFEC82002F049F9012108469FED2F
:107C6000391ADFED390A9FED350AFCF7DFFEC8202F
:107C700002F03CF99FED331ADFED330A9FED2F0A36
:107C8000FDF7DAF8642002F031F9012300221946E9
:107C90001846FDF74BF80020FEF712FF0020FEF714
:107CA000D3FE0120FFF762FF4FF4967002F01EF939
:107CB000012108469FED1F1ADFED230A9FED1F0AE1
:107CC000FCF7B4FEC82002F011F9012108469FED2F
:107CD000191ADFED1E0A9FED190AFCF7A7FEC8204E
:107CE00002F004F9012108469FED191ADFED170A89
:107CF0009FED120AFCF79AFEC82002F0F7F8012166
:107D000008469FED131ADFED130A9FED0C0AFCF7EE
:107D10008DFEC82002F0EAF8012108469FED0C1AFA
:107D2000DFED0D0A9FED0D0AFCF780FEC82002F082
:107D3000DDF810BD000034430020324500000C4344
:107D4000002000450000B44200409C4400603845DB
:107D50000000874300C0734500407B450000AAC275
:107D600013B50C464FF6FF73012269460248FBF734
:107D7000B3FD00981CBD0000F0070020F9F77AFB66
:107D8000F9F724FAFDF738FBFCF764FAFCF71AFA66
:107D9000FCF776FBFCF79AFBFCF7B8FBFCF7D6FB8D
:107DA000FCF716FCFCF734FCFCF752FCFCF7F0FB8C
:107DB000FCF71EFBFCF7DCFAFCF736FA00F082F960
:107DC00000BFFEE701460020842901D0CA1C1044F0
:107DD0007047000010B5044611206061FE2020703D
:107DE000EE20607094ED0C0AB5EEC00AF1EE10FAC8
:107DF00004D29FED740A84ED0C0A0CE094ED0C0A99
:107E0000DFED710AB4EEE00AF1EE10FA03DD9FED4A
:107E10006E0A84ED0C0A94ED0D0AB5EEC00AF1EE7F
:107E200010FA04D29FED670A84ED0D0A0CE094ED80
:107E30000D0ADFED650AB4EEE00AF1EE10FA03DD9B
:107E40009FED610A84ED0D0A94ED090ADFED5F0AEA
:107E5000B4EEE00AF1EE10FA04D29FED5C0A84ED74
:107E6000090A0CE094ED090ADFED590AB4EEE00AC4
:107E7000F1EE10FA03DD9FED560A84ED090A94ED48
:107E80000A0ADFED540AB4EEE00AF1EE10FA04D269
:107E90009FED500A84ED0A0A0CE094ED0A0ADFED2A
:107EA0004E0AB4EEE00AF1EE10FA03DD9FED4A0A45
:107EB00084ED0A0A94ED0B0ADFED480AB4EEE00AFD
:107EC000F1EE10FA04D29FED450A84ED0B0A0CE0A6
:107ED00094ED0B0ADFED420AB4EEE00AF1EE10FA7F
:107EE00003DD9FED3F0A84ED0B0A94F82000A17892
:107EF00060F30301A17094F82200A17860F30611E9
:107F0000A17094ED0C0A9FED371AC0EE010A9FEDA7
:107F1000360A20EE800ABDEEC00A10EE100A01B249
:107F2000E01CA4F80B1094ED0D0A9FED2E1AC0EE84
:107F3000010A9FED2D0A20EE800ABDEEC00A10EE68
:107F4000100A01B2E01CA4F80D1094ED0B0A9FED8D
:107F5000271AC0EE010A264890ED000AB8EE400A42
:107F60009FED211A00EE810ABDEEC00A10EE100A44
:107F7000C4F8070094ED0A0ADFED1C0A80EE201A0F
:107F80009FED1C0A21EE000ABDEEC00A10EE100A99
:107F900001B2E01CA4F8051094ED090ADFED150A02
:107FA00020EE200ABDEEC00A10EE100A00B2A4F8BE
:107FB00003000F2221460020FFF7ECFDA4F80F007C
:107FC000002010BD00000000C1CACC41E1FAFFC290
:107FD000E1FAFF42000049C400004944C00FC9C88B
:107FE000C00FC948CDCCCC4100000047F90FC940B3
:107FF0006C0200200000804310B504460548047060
:108000003620044948706B2088700321014800F035
:1080100079FD10BD7C01002010B5012407E0204649
:10802000FFF7EAFF0120F8F7CDFD601CC4B2042C75
:10803000F5DD10BD05E0DFED0E0A70EE600AB0EE72
:10804000600ADFED0C0AB4EEE00AF1EE10FAF2DCA1
:1080500005E0DFED070A70EE200AB0EE600ADFED02
:10806000060AB4EEE00AF1EE10FAF2D3704700000F
:108070000000B44300003443000034C310B5FDF7E2
:1080800009FEFAEE041A0A219FED041ADFED040A34
:108090009FED040A0448FCF77DFD10BD00000000C0
:1080A0000AD7A33C6666263FA00F002070B50446A1
:1080B00025460DB1294600E00121084601F016FFD2
:1080C000002070BD10B502F077F8002010BD7FB51C
:1080D00004460D46606998B1A06988B1B4F90800FA
:1080E000FFF770FE0646D4E90510CDE90061029065
:1080F0002B462269D4E9001002F044FA039013E001
:10810000B4F90800FFF75EFE064603A8CDE900605B
:10811000238A9AB22B46D4E9001002F001FA012812
:1081200002D0002004B070BD0398FBE770B505468F
:108130000C4619480570012D03D1FD201749087020
:1081400004E0022D02D1FB2014490870FD201249E1
:108150004870002C02DD0020887003E0644201209A
:108160000D4988702E200C49C870FF2008710B48FB
:1081700000784871200E8871200CC871200A08729E
:108180004C72012088720020C8726B2008730D2188
:10819000014800F0D1FC70BDC00F0020DC010020C0
:1081A0002DE9F04105460E461C4807681C4800684A
:1081B000001D01F095FD50B91948006890F82C1089
:1081C0000120884017490968814316480160681CEE
:1081D00038B936B112480168091D134801F0CAFDCB
:1081E0001AE07C190E4800684460BC4207D20C4873
:1081F0000168091D0D48006801F0A2FD0CE0084867
:108200000168091D0A48006801F09AFD09480068E4
:10821000844201D207480460BDE8F0819802002042
:10822000840200209C020020001500208C02002007
:1082300088020020B402002010B5044601F0A6FD1B
:1082400023480068401C224908602248006840B961
:10825000204804600846006801280DD100F042F96A
:108260000AE01D48006838B91A480068C06AE16A27
:10827000884201D81748046018480068401C174914
:10828000086094F82C1001208840154909680843BB
:1082900013490860E16A01EB8101124A02EB810097
:1082A000211D01F067FD01F09FFD0B48006868B1DA
:1082B00008480068C06AE16A884207D24FF08050DF
:1082C00009490860BFF34F8FBFF36F8F10BD0000E7
:1082D0009402002084020020A0020020B0020020AE
:1082E0009C0200202414002004ED00E010B516E0EC
:1082F00001F04CFD0C48C068C468201D01F0F0FC82
:108300000A480068401E0949086009480068401E84
:108310000749086001F068FD204600F00BF80448AA
:1083200000680028E4D110BDEC1400209402002065
:108330009002002010B5044694F8510030B9206B2B
:1083400001F072FD204601F06FFD1CE094F8510031
:10835000012803D1204601F067FD14E094F8510094
:10836000022801D1012000E0002060B900BF5020A8
:1083700072B680F31188BFF34F8FBFF36F8F62B671
:1083800000BF00BFFEE710BD30B54FF47053174873
:1083900000F007042CB1C01D20F00700134C041B93
:1083A0001B1B0246124C22600024114D6C60D01839
:1083B000083820F007000F4C206000240D4D2D6878
:1083C0006C600C4D2D682C601146441A4C60094CB1
:1083D00024680C60084D4C682C60084D4C682C607B
:1083E0004FF00044064D2C6030BD000014150020F5
:1083F000C0020020C8020020D0020020CC020020D1
:10840000D402002000BFFFF771FF06480068012872
:10841000F9D94FF0805004490860BFF34F8FBFF384
:108420006F8FF0E72414002004ED00E02DE9FF5FDA
:1084300081460E469246DDE90E7B109CAAF10100B2
:10844000216B01EB800828F0070808F0070008B945
:10845000012000E0002060B900BF502072B680F318
:108460001188BFF34F8FBFF36F8F62B600BF00BF9D
:10847000FEE786B1002507E0715D04F13400415547
:10848000705D00B902E06D1C102DF5D300BF002116
:108490004320015502E0002084F83400072F00D368
:1084A0000627E76267640020A064201D01F045FCF8
:1084B00004F1180001F041FC2461C7F10700A0613C
:1084C00064620020E06484F8500049464046039A04
:1084D00000F080F92060BBF1000F01D0CBF8004024
:1084E000BDE8FF9F10B5002407E004EB84010F4AAC
:1084F00002EB810001F014FC641C072CF5D30C483E
:1085000001F00EFC0B4801F00BFC0B4801F008FCDD
:108510000A4801F005FC0A4801F002FC0448094938
:10852000086004480849086010BD000024140020B9
:10853000B0140020C4140020D8140020EC14002033
:1085400000150020880200208C02002010B5014692
:10855000164800E0006803688B42FBD3024643687C
:1085600013448B4204D143684C6823444360014662
:108570000A464B6813440468A34211D10C4C0368AB
:108580002468A34208D04B680468646823444B60A5
:1085900003681B680B6005E0054B1B680B6001E07E
:1085A00003680B60884200D0016010BDC00200204B
:1085B000C80200200A490968096809B9012100E0D8
:1085C000002121B14FF0FF31064A116006E0044955
:1085D0000968C968C868034A4168116070470000AB
:1085E00088020020B402002010480068401C08B92E
:1085F000012000E0002060B900BF502072B680F377
:108600001188BFF34F8FBFF36F8F62B600BF00BFFB
:10861000FEE700BF502072B680F31188BFF34F8F82
:10862000BFF36F8F62B600BF00BFFEE7D802002025
:1086300010B502460020114662B900BF502372B641
:1086400083F31188BFF34F8FBFF36F8F62B600BF04
:1086500000BFFEE70B4C4B69A34201D1012300E0B0
:10866000002373B1084C8B6AA34201D1012300E0BF
:10867000002333B98B6A0BB9012300E0002303B157
:10868000012010BD00150020D81400202DE9F04174
:1086900004464FF0000801F067FE4948006808B939
:1086A000FFF772FE47480068204000286FD1E4B110
:1086B000083404F00700C0B104F00700C0F108005E
:1086C000044404F0070008B9012000E0002060B96C
:1086D00000BF502072B680F31188BFF34F8FBFF3F5
:1086E0006F8F62B600BF00BFFEE7002C4FD0364848
:1086F000006884424BD8354E3046056801E02E466E
:108700002D686868A04202D228680028F7D12C485A
:10871000006885423BD0306800F108082868306066
:108720006868001B10281BD92F1907F0070008B92B
:10873000012000E0002060B900BF502072B680F335
:108740001188BFF34F8FBFF36F8F62B600BF00BFBA
:10875000FEE76868001B78606C603846FFF7F6FE3D
:10876000194968680968081A1749086008460068C6
:1087700017490968884203D2134800681449086001
:10878000104968680968084368600020286002F0A2
:1087900009F808F0070008B9012000E0002060B9DE
:1087A00000BF502072B680F31188BFF34F8FBFF324
:1087B0006F8F62B600BF00BFFEE74046BDE8F081A4
:1087C000C8020020D4020020CC020020C0020020F9
:1087D000D0020020001F4FF080730360001F21F0C3
:1087E00001030360001F054B036014380260001F83
:1087F0006FF002030360203870470000E98500082D
:10880000014608687047000010B500201E49088422
:1088100048849FED1E0A084680ED090AB2EE040A5C
:1088200080ED0A0A9FED190A80ED0B0A9FED180AE8
:1088300080ED0C0A9FED170A80ED0D0AFFF7CAFACA
:10884000012211031448F8F7FDFD012251031248DB
:10885000F8F7F8FD0A2311220B491048FBF73CF802
:1088600000224FF400510C48F8F7ECFD00224FF4C1
:1088700080510948F8F7E6FD052001F037FB08486C
:1088800000680849086010BDB8130020000000000F
:108890009A99993ECDCCCC3D000402406C07002053
:1088A000680200206C02002010B504460A2C2ED26B
:1088B000DFE804F005090D1115191D2125293020C7
:1088C000FDF7F4F924E03120FDF7F0F920E0322043
:1088D000FDF7ECF91CE03320FDF7E8F918E034204F
:1088E000FDF7E4F914E03520FDF7E0F910E036205B
:1088F000FDF7DCF90CE03720FDF7D8F908E0382067
:10890000FDF7D4F904E03920FDF7D0F900E000BF0D
:1089100000BF10BD10B5002012490870AA20487091
:10892000002088702520C87008460F4A06CAC0E992
:1089300001120E490A68C260496801610C490A685F
:108940004261496881610B490A68C26149680162F4
:108950006B20044981F824002521024800F0D2F858
:1089600010BD0000200F0020400D00204F0D002002
:108970006D0D00205E0D002070B506460C461546B4
:10898000304600F0EEF82E2000F0E4F8204600F02B
:10899000E8F809A000F0E5F8284600F0E2F8222007
:1089A00000F0D8F8FF2000F0D5F8FF2000F0D2F852
:1089B000FF2000F0CFF870BD3D22000010B52DED76
:1089C000048B0446607851280BD05A281ED1A07819
:1089D00011490860E078486020798860FFF760F806
:1089E00015E02179E27841EA0220F7F7D9FD41EC60
:1089F000190B9FED0A0B53EC102BF7F75FFD41ECC1
:108A0000180BF7F741FE0749086000E000BF00BF00
:108A1000BDEC048B10BD000048120020FCA9F1D26F
:108A20004D62503F400200200178012914D1417865
:108A3000FD2911D1C1786B290ED181789F290BD1E5
:108A40000121124AD16012490968491C104A11607B
:108A50000E4949680D4A11600178022914D1417804
:108A6000FD2911D1C1786B290ED181789F290BD1B5
:108A70000121084AD16008490968491C064A116069
:108A800004494968034A1160704700004010002003
:108A9000B801002070100020BC01002001780229DC
:108AA0001FD1417836291CD1C1796B2919D1C178E0
:108AB0000906027941EA0241427941EA02218279BA
:108AC0001143084A11608178012904D111460968CF
:108AD0004942116005E0817819B902490968014AE3
:108AE00011607047D801002070B505460E4600247D
:108AF00004E0285DFCF766FF601CC4B2B442F8DBFA
:108B000070BD000070B504460D46F8F7A1FC06469E
:108B100005E0F8F79DFC801B052800D970BD0548CD
:108B2000806F2028F5D12A4621460248FAF73EFFF9
:108B300000BFF3E7F808002070B504460D464FF07B
:108B4000FF332A4621460248FAF7C6FE70BD0000F0
:108B5000E806002070B5044625462846FDF77EF855
:108B600070BD10B5044603E014F8010BFFF7F2FFE7
:108B7000207808B1002CF7D110BD000030B595B0B9
:108B8000054613AB12AA09A9284600F03FFA04468D
:108B900014B1204615B030BD0020149026E02249C3
:108BA00009689DF8502001EBC20113AB11AA486877
:108BB00001A900F02BFA04460CB12046EAE709A906
:108BC00001A800F0EBFC60B99DF844009DF8481046
:108BD000884201DD0220DDE79DF8500012498875CA
:108BE0000AE09DF85000401CC0B214900E48007D71
:108BF0009DF850108842D2DC00BF0B48007D9DF8E4
:108C00005010884201D10420C4E714A9284600F07E
:108C1000DDFA04460CB12046BCE79DF8500002493D
:108C200048750020B6E700003C0000202DE9F04127
:108C30009AB09C48847D007DA04202DC1AB0BDE859
:108C4000F0819849096801EBC40106AB07AA48689E
:108C500008A900F0DBF908A993A0FDF783FF00261F
:108C600044E09048008B0121B1400840D8B1222156
:108C70008FA0FDF777FF304600F02EFB89492431A5
:108C8000471839468BA0FDF76DFF222188A0FDF71C
:108C900069FF304600F020FB82492431084410A9C6
:108CA00041F8260018E0304600F016FB7D492431DB
:108CB000085810A941F826007A48C07D30B910A89C
:108CC00050F826107CA0FDF74DFF05E010A850F8E5
:108CD00026107AA0FDF746FF9DF81C00401EB0420A
:108CE00002D078A0FDF73EFF701CC6B29DF81C00B4
:108CF0008642B6DB74A0FDF735FF00F049FB6948FA
:108D0000407D0B280DD2DFE800F0060D151E27323E
:108D10003F4E5F7287006349096851F8340080470D
:108D2000054690E05F4A126852F834101098884760
:108D3000054688E05B4B1B6853F83420DDE91001E1
:108D4000904705467FE0574F3F6857F8343010A8EA
:108D500007C89847054676E0DFF848C1DCF800C050
:108D60005CF8347010A80FC8B84705466BE014983B
:108D7000DFF830C10090DCF800C05CF8347010A857
:108D80000FC8B84705465EE0DDE91401DFF814C1FD
:108D9000CDE90001DCF800C05CF8347010A80FC801
:108DA000B84705464FE0DDE914121698DFF8F4C025
:108DB000CDE900120290DCF800C05CF8347010A815
:108DC0000FC8B84705463EE0DDE91423DDE916107B
:108DD000DFF8D0C0CDE90023CDE90210DCF800C0F7
:108DE0005CF8347010A80FC8B84705462BE0DDE9E1
:108DF0001523DDE91710CDE90123CDE903101498FF
:108E0000DFF8A0C00090DCF800C05CF8347010A857
:108E10000FC8B847054616E0DDE91623DDE918104E
:108E2000CDE90223CDE90410DDE91401DFF874C0B7
:108E3000CDE90001DCF800C05CF8347010A80FC860
:108E4000B847054600BF00BF00F056FA9DF818006D
:108E500001280CD11348C07D20B929461BA0FDF77D
:108E600081FE07E029461BA0FDF77CFE02E018A06A
:108E7000FDF778FE0B4890F8EC0088B10948D0F86F
:108E8000F0000A21B0FBF1F201FB12070548D0F80F
:108E9000F000B0FBF1F83A46414611A0FDF762FE42
:108EA00000BFCBE63C0000200D0A2573280000001F
:108EB0002563000025730000256C64003058255898
:108EC000000000002C000000290000003D256C750A
:108ED0003B0D0A003D305825583B0D0A00000000AC
:108EE00046756E6374696F6E2052756E2054696D9D
:108EF000653A25642E2531646D730D0A000000006B
:108F0000F0B50346154600200022002600245BE051
:108F10001F782C2F01D104B901221F78292F01D0ED
:108F20001F780FB904B950E0002E3AD11F78302FC6
:108F300002DB1F78392F17DD1F782D2F14D01F78F3
:108F40002B2F11D01F78612F02DB1F78662F0BDDCE
:108F50001F78412F02DB1F78462F05DD1F78582F21
:108F600002D01F78782F0CD102B12EE01F78612F2C
:108F700003DB1F78203F0F7001E01F780F70491C42
:108F80001FE01F78222F04D102B11EE00126012428
:108F900017E01F78202F14D01F782C2F11D0FF2618
:108FA00013E01F78222F00D1002402B10DE044B15C
:108FB0001F785C2F02D15B1C471CF8B21F780F7022
:108FC000491C471CF8B25B1CA2E700BF00270F70CA
:108FD0002E70F0BD10B50446002010700BE0207814
:108FE0000870641C491C1078401C1070107898425E
:108FF00001DB012010BD2078202802D02078002835
:10900000EDD10020087000BFF4E700002DE9FF4F0C
:1090100085B08046894600270020049003900120F7
:1090200002904FF0000B002544461DE020782028D8
:1090300016D005F07F00052812DA0DB945F080053D
:1090400005F07F00042803D120782A2800D00EE004
:10905000207805F07F010DF80100681CC5B202E020
:10906000852D00D103E0641C20780028DED100BFEC
:109070008DB1002005F07F010DF8010051A1684677
:1090800000F08CFA18B900210898017002E0012163
:109090000898017000254FF0000A444614E0641C53
:1090A0000AF1010000F0FF0A2078202802D0207881
:1090B0002A2809D1204600F0E3F90646282E03D0DD
:1090C0002A2E01D0CDF810A02078282802D02078B0
:1090D0000028E4D14446049810B10498401C04448C
:1090E0004FF0000A002654E0207810B94FF0010A32
:1090F00050E02078282803D116B9781CC7B213E0B5
:109100002078292808D13EB917B1781EC7B201E0EE
:109110004FF0010A47B93DE02078222804D10EB96A
:10912000012000E00020064647B9207820282FD0F3
:10913000207889F8000009F1010929E020782C281D
:1091400004D101200290681CC5B214E020782028C8
:1091500011D0207828280ED04DB9BBF1050F06DAC2
:1091600020780DF80B000BF1010000F0FF0B0298C6
:10917000401CC0B20290012F0AD10298022807D1E8
:109180000298401CC0B202900398401CC0B20390E9
:10919000641CA9E700BF0398012809D100200DF83D
:1091A0000B0008A1684600F0F9F908B90020039007
:1091B000079903980870002089F80000504609B00C
:1091C000BDE8F08F766F6964000000002DE9F04380
:1091D000B5B005460F460024002604E000213D48B6
:1091E0008155701CC6B20A2EF8DB06E06D1C28788B
:1091F00018B9012035B0BDE8F08328782828F5D1CA
:109200006D1C61E034AA69462846FFF779FE0646E0
:1092100035449DF8D00020B1012827D0FF284CD13B
:1092200049E09DF8000000B333A9684600F033F927
:1092300006460EB10220DDE7204600F04DF8254934
:109240000A31339A0A50A1F12400008B0121A14078
:10925000884320491A39088304211E480155601C9F
:10926000C4B20A2C01DD0320C4E726E0684600F002
:10927000B1F9401C00F0FF08204600F02DF8154918
:109280000A3100EB01094946684600F098F9114897
:109290001A38018B0120A040014388B20D491A39C8
:1092A00008830C4800F80480601CC4B20A2C01DD5D
:1092B00003209FE701E002209CE700BF28782928CF
:1092C00001D0287800B900E09CE700BF3C70002086
:1092D00090E700005600002002460020002105E033
:1092E000044B5B5C0344D8B24B1CD9B29142F7DB10
:1092F00070470000560000200E480068006900F02A
:10930000010040B10C48D0F8F0004FF6FF7108445E
:109310000949C1F8F0000848D0F8F000054909688B
:10932000496A08440449C1F8F0000846D0F8F00042
:10933000704700002C0C00203C00002010B50446B3
:1093400004EBC40000EB04100122C2EB800081B2E8
:109350004FF47A70FCF708FB05480068006840F09D
:10936000200003490968086001200249C87510BD42
:10937000F00700203C00002010B50246012000E06C
:1093800050430B1EA1F10104E1B2F9D110BD000060
:109390006FF0010009490968086100BF000C074926
:1093A0000968C86201460548C16000BF0020034942
:1093B000096848620249C1F8F00070472C0C00208F
:1093C0003C00002070B51D48008800F400400028D3
:1093D00033D01A4805780020194948551948816842
:1093E0001748884704461CB91649C868804721E0D9
:1093F000134800F0FBF80546012D00D02C46CCB1F7
:10940000012C06D0022C08D0032C0AD0042C10D139
:109410000BE00DA0FDF7A6FB0BE00EA0FDF7A2FBF5
:1094200007E00FA0FDF79EFB03E010A0FDF79AFBFD
:1094300000BF00BF00200149088070BD300100203E
:10944000780C00203C000020BAAFCAFDB4EDCEF38A
:10945000210D0A00B2CECAFDB4EDCEF3210D0A00F3
:10946000B2CECAFDCCABB6E0210D0A00CEB4D5D247
:10947000B5BDC6A5C5E4B5C4BAAFCAFD210D0A0085
:109480000146491C00E0491C0878202801D1002928
:10949000F9D1087870472DE9F04F05460F460026B0
:1094A0004FF00A09B3462C460020386034E020789B
:1094B000392802DC2078302811DA28782D2802D0CB
:1094C00028782B2800D156B12078462802DC207855
:1094D000412804DA2078582817D1012E15D1207898
:1094E000412801DB4FF0100928782D2803D14FF0D7
:1094F000020B6D1C0FE028782B2803D14FF0010BD5
:109500006D1C08E0701CC6B205E0207800B904E0CC
:109510000120BDE8F08F641CC9E700BF2C46B9F1FB
:10952000100F0FD1032E01DA0220F2E72078302845
:1095300006D16078582803D1A41CB01EC6B204E03E
:109540000320E6E70EB90420E3E71BE00EB1701E2E
:10955000C6B22078392806DC2078302803DB207852
:10956000A0F1300A02E02078A0F1370A31464846DF
:10957000FFF702FF39680AFB00103860641C20788E
:1095800000B900E0E2E700BFBBF1020F04D1386888
:10959000C0F10008C7F800800020BAE702460AE0E0
:1095A00010780B78984201D001207047107800B9EC
:1095B00002E0521C491CF3E700BF0020F5E706E07B
:1095C00002780A70027802B902E0401C491CF7E7F1
:1095D00000BF70470146002005E00A7802B903E0A9
:1095E000421CD0B2491CF8E700BF704710B58CB0E0
:1095F00004461E230BAA03A92046FFF7EBFC0090AC
:10960000009810B101200CB010BD9DF82C0004444E
:1096100000200B900EE040489DF82C2050F82210BE
:1096200003A8FFF7BBFF00B908E09DF82C00401C21
:10963000C0B20B909DF82C000728ECD300BF9DF81A
:109640002C00072863D2DFE800F004053C5E656467
:10965000630000BF31A0FDF785FA31A0FDF782FA63
:109660003FA0FDF77FFA4EA0FDF77CFA5CA0FDF766
:1096700079FA6BA0FDF776FA79A0FDF773FA87A067
:10968000FDF770FA8CA0FDF76DFA94A0FDF76AFA69
:1096900098A0FDF767FA9DA0FDF764FAA2A0FDF778
:1096A00061FAA8A0FDF75EFAB4A0FDF75BFAC1A0CD
:1096B000FDF758FACCA0FDF755FAD8A0FDF752FAFD
:1096C000A2E216A0FDF74EFAE4A0FDF74BFA002047
:1096D0000B900EE0F14800689DF82C2000EBC200D2
:1096E0004168EFA0FDF73EFA9DF82C00401CC0B287
:1096F0000B90EA48007D9DF82C108842EADC07A018
:10970000FDF730FA80E205A0FDF72CFACCE179E212
:109710004DE221E2F4E10000080000200D0A000003
:109720002D2D2D2D2D2D2D2D2D2D2D2D2D2D2D2D69
:109730002D2D2D2D2D2D2D2D55534D41525420566F
:10974000332E332D2D2D2D2D2D2D2D2D2D2D2D2D3C
:109750002D2D2D2D2D2D2D2D2D2D2D200D0A0000E3
:109760002020202055534D415254CAC7D3C9414CE3
:1097700049454E54454BBFAAB7A2B5C4D2BBB8F6B3
:10978000C1E9C7C9B5C4B4AEBFDAB5F7CAD4BBA581
:10979000BDBBD7E9BCFE2CCDA8B9FD200D0A000049
:1097A000CBFC2CC4E3BFC9D2D4CDA8B9FDB4AEBFA5
:1097B000DAD6FACAD6B5F7D3C3B3CCD0F2C0EFC36A
:1097C000E6B5C4C8CEBACEBAAFCAFD2CB2A2D6B4E2
:1097D000D0D02ED2F2B4CB2CC4E3BFC90D0A000006
:1097E000D2D4CBE6D2E2B8FCB8C4BAAFCAFDB5C495
:1097F000CAE4C8EBB2CECAFD28D6A7B3D6CAFDD7F5
:10980000D62831302F3136BDF8D6C62CD6A7B3D6E0
:10981000B8BACAFD29A1A2D7D6B7FBB4AE0D0A00CB
:10982000A1A2BAAFCAFDC8EBBFDAB5D8D6B7B5C8E2
:10983000D7F7CEAAB2CECAFD292CB5A5B8F6BAAFD5
:10984000CAFDD7EEB6E0D6A7B3D63130B8F6CAE433
:10985000C8EBB2CECAFD2CB2A2D6A7B3D60D0A0071
:10986000BAAFCAFDB7B5BBD8D6B5CFD4CABE2ED60F
:10987000A7B3D6B2CECAFDCFD4CABEBDF8D6C6C92C
:10988000E8D6C3B9A6C4DC2CD6A7B3D6BDF8D6C6D5
:10989000D7AABBBBB9A6C4DC2E0D0A00BCBCCAF556
:1098A000D6A7B3D63A7777772E6F70656E656476F4
:1098B0002E636F6D0D0A000055534D415254D3D0A5
:1098C00037B8F6CFB5CDB3C3FCC1EE28B1D8D0EBD5
:1098D000D0A1D0B4293A0D0A000000003F3A202060
:1098E00020202020BBF1C8A1B0EFD6FAD0C5CFA26E
:1098F0000D0A000068656C703A202020BBF1C8A1F9
:10990000B0EFD6FAD0C5CFA20D0A00006C6973740F
:109910003A202020BFC9D3C3B5C4BAAFCAFDC1D055
:10992000B1ED0D0A0A00000069643A2020202020D1
:10993000BFC9D3C3BAAFCAFDB5C44944C1D0B1EDA4
:109940000D0A0A006865783A20202020B2CECAFDB0
:109950003136BDF8D6C6CFD4CABE2CBAF3B8FABFDA
:10996000D5B8F12BCAFDD7D6BCB4D6B4D0D0BDF88B
:10997000D6C6D7AABBBB0D0A0A0000006465633ACD
:1099800020202020B2CECAFD3130BDF8D6C6CFD4BB
:10999000CABE2CBAF3B8FABFD5B8F12BCAFDD7D6D8
:1099A000BCB4D6B4D0D0BDF8D6C6D7AABBBB0D0ABE
:1099B0000A00000072756E74696D653A312CBFAA99
:1099C000C6F4BAAFCAFDD4CBD0D0BCC6CAB13B3006
:1099D0002CB9D8B1D5BAAFCAFDD4CBD0D0BCC6CA89
:1099E000B13B0D0A0A000000C7EBB0B4D5D5B3CC2B
:1099F000D0F2B1E0D0B4B8F1CABDCAE4C8EBBAAF96
:109A0000CAFDC3FBBCB0B2CECAFDB2A2D2D4BBD891
:109A1000B3B5BCFCBDE1CAF82E0D0A002D2D2D2DCD
:109A20002D2D2D2D2D2D2D2D2D2D2D2D2D2D2D2D66
:109A30002D2D2D2D2D2D414C49454E54454B2D2D71
:109A40002D2D2D2D2D2D2D2D2D2D2D2D2D2D2D2D46
:109A50002D2D2D2D2D2D2D200D0A00002D2D2D2DE0
:109A60002D2D2D2D2D2D2D2D2D2D2D2D2D2D2D2D26
:109A70002D2D2D2D2DBAAFCAFDC7E5B5A52D2D2D48
:109A80002D2D2D2D2D2D2D2D2D2D2D2D2D2D2D2D06
:109A90002D2D2D2D2D2D2D2D200D0A003C000020CB
:109AA00025730D0A0000000059A0FDF75BF80020A7
:109AB0000B901AE0664909689DF82C2001EBC20161
:109AC00001AB02AA486803A9FFF7A0FA6048006842
:109AD0009DF82C1050F8312003A95EA0FDF742F844
:109AE0009DF82C00401CC0B20B905948007D9DF899
:109AF0002C108842DEDCAFF2DC30FDF733F883E077
:109B0000AFF2E830FDF72EF80BAA03A92046FFF7C5
:109B1000F7F99DF82C00C8B9694603A8FFF7BBFC0C
:109B20000B909DF82C0020B94FA00099FDF71AF872
:109B30000EE09DF82C00042801D0022063E54DA022
:109B4000FDF710F801204249C87501E002205AE5EE
:109B500047A0FDF707F857E045A0FDF703F80BAA6B
:109B600003A92046FFF7CCF99DF82C00C8B9694637
:109B700003A8FFF790FC0B909DF82C0020B942A0A1
:109B80000099FCF7EFFF0EE09DF82C00042801D0AF
:109B9000022038E53FA0FCF7E5FF00202C49C875FE
:109BA00001E002202FE532A0FCF7DCFF2CE030A022
:109BB000FCF7D8FF0BAA03A92046FFF7A1F99DF8EF
:109BC0002C00C8B9694603A8FFF765FC0B909DF807
:109BD0002C0078B91E49009881F8EC00084690F8EE
:109BE000EC0018B130A0FCF7BDFF07E035A0FCF792
:109BF000B9FF03E0022006E5022004E51CA0FCF703
:109C0000B1FF01E00120FEE400BF0020FBE4000002
:109C10002D2D2D2D2D2D2D2D2D2D2D2D2D2D2D2D74
:109C20002D2D2D2D2D2D2D2D2DBAAFCAFD204944C2
:109C3000202D2D2D2D2D2D2D2D2D2D2D2D2D2D2D61
:109C40002D2D2D2D2D2D2D2D2D2D2D2D200D0A00C1
:109C50003C00002025732069642069733A0D0A30A6
:109C600058253038580D0A004845583A305825587C
:109C70000D0A00003136BDF8D6C6B2CECAFDCFD42B
:109C8000CABE210D0A0000004445433A256C750DFB
:109C90000A0000003130BDF8D6C6B2CECAFDCFD41E
:109CA000CABE210D0A00000052756E2054696D6510
:109CB0002043616C63756C6174696F6E204F4E0D4B
:109CC0000A00000052756E2054696D652043616C76
:109CD00063756C6174696F6E204F46460D0A000013
:109CE00001460A69D1E901309860D1E90103586061
:109CF0005068884201D1886850600020086110686F
:109D0000401E106010687047034B0360034B0B60EC
:109D100080231360704700002C0300208003002084
:109D200000F1080141604FF0FF31816000F108014E
:109D3000C16001610021016070470021016170472D
:109D400010B502460B685C1C0CB9106907E002F103
:109D5000080000E04068446824689C42FAD94468DE
:109D60004C604C68A160886041600A611468641CA2
:109D7000146010BD42684A6093688B6093685960B4
:109D80009160086103685B1C0360704700BF50204E
:109D900072B680F31188BFF34F8FBFF36F8F62B637
:109DA00000BF0F480068401C0D4908600846006865
:109DB000012814D10B480068C0B208B9012000E0A6
:109DC000002060B900BF502072B680F31188BFF345
:109DD0004F8FBFF36F8F62B600BF00BFFEE77047C3
:109DE000D802002004ED00E00E48006860B900BF12
:109DF000502072B680F31188BFF34F8FBFF36F8F7F
:109E000062B600BF00BFFEE706480068401E054975
:109E100008600846006820B9002080F3118800BF60
:109E200000BF7047D802002070B506463546002EA8
:109E300043D0083D2C46214960680968084008B1B4
:109E4000012000E0002060B900BF502072B680F30E
:109E50001188BFF34F8FBFF36F8F62B600BF00BF93
:109E6000FEE7206808B9012000E0002060B900BFCB
:109E7000502072B680F31188BFF34F8FBFF36F8FFE
:109E800062B600BF00BFFEE70C4960680968084081
:109E900098B1206888B9094960680968884360609A
:109EA00000F062FA064960680968084404490860DD
:109EB0002046FEF74BFB00F075FC70BDD40200207D
:109EC000CC02002000204FF0E021086188610648A4
:109ED00000684FF47A71B0FBF1F0401E4FF0E021C2
:109EE00048610720086170470400002070B50446EF
:109EF0000025E4B11348006808B9012000E0002003
:109F000060B900BF502072B680F31188BFF34F8F45
:109F1000BFF36F8F62B600BF00BFFEE700F024FA08
:109F200000212046FEF73CF900F03CFC05463DB917
:109F30004FF0805004490860BFF34F8FBFF36F8F1D
:109F400070BD0000BC02002004ED00E02DE9F047E8
:109F500004460F464FF0000964B900BF502072B6A6
:109F600080F31188BFF34F8FBFF36F8F62B600BFCE
:109F700000BFFEE70FB1012000E0002060B900BF84
:109F8000502072B680F31188BFF34F8FBFF36F8FED
:109F900062B600BF00BFFEE72148006808B9012093
:109FA00000E0002060B900BF502072B680F3118835
:109FB000BFF34F8FBFF36F8F62B600BF00BFFEE7E6
:109FC00000F0D2F9174806682068C5192068B04229
:109FD00007D92068A8420BD9B54209D94FF0010929
:109FE00006E02068A84201D8B54201D94FF0010926
:109FF0002560B9F1000F03D0A81B0021FEF7D0F8AF
:10A0000000F0D0FB8046B8F1000F07D14FF0805030
:10A0100005490860BFF34F8FBFF36F8FBDE8F0872E
:10A02000BC0200209802002004ED00E070B5054657
:10A03000FFF7ACFE15B93148006800E02846044639
:10A04000201DFFF74DFE78B9E06A00EB80002C4937
:10A0500051F8200040B994F82C100120884029497B
:10A060000968814327480160A06A18B104F118000B
:10A07000FFF736FE24480068401C234908601F484B
:10A080000068844209D1211D2048FFF773FE204853
:10A090000068401C1E49086009E01E480068401E18
:10A0A0001C4908602046FEF745F9FEF783FAFFF7E2
:10A0B0009BFE19480068F8B11048006884421BD123
:10A0C0001648006808B9012000E0002060B900BF10
:10A0D000502072B680F31188BFF34F8FBFF36F8F9C
:10A0E00062B600BF00BFFEE74FF080500C49086029
:10A0F000BFF34F8FBFF36F8F70BD0000840200204D
:10A10000241400209C020020B0020020EC14002047
:10A110009002002094020020A0020020BC02002037
:10A1200004ED00E070B505462C4665B900BF50202F
:10A1300072B680F31188BFF34F8FBFF36F8F62B693
:10A1400000BF00BFFEE71848006884422BD054B31C
:10A15000FFF71CFE2046FEF76BFA10B3201DFFF739
:10A16000BFFD94F82C10012088401049096808436D
:10A170000E490860E16A01EB81010D4A02EB8100A2
:10A18000211DFFF7F7FD0849E06A0968C96A88429E
:10A1900007D34FF0805007490860BFF34F8FBFF3DC
:10A1A0006F8FFFF721FE70BD840200209C0200200B
:10A1B0002414002004ED00E010B586B000200590C6
:10A1C000049003AA04A905A8FFF79EFD0022DDE97B
:10A1D00004101346CDE9002102901EA11F48039AE6
:10A1E00000F0D0F91E4908600846006808B1012453
:10A1F00000E00024012C17D100BF502072B680F37C
:10A200001188BFF34F8FBFF36F8F62B600BF4FF05F
:10A21000FF301449086001201349086000201349E9
:10A22000086000F0F3F812E0601C08B1012000E0C3
:10A23000002060B900BF502072B680F31188BFF3D0
:10A240004F8FBFF36F8F62B600BF00BFFEE706B04F
:10A2500010BD000049444C45000000000584000882
:10A26000B8020020B4020020A002002098020020C2
:10A2700070B50546FFF78AFD15B93348006800E060
:10A2800028460446201DFFF72BFD78B9E06A00EB55
:10A2900080002E4951F8200040B994F82C1001207C
:10A2A00088402B490968814329480160A06A18B198
:10A2B00004F11800FFF714FD211D2648FFF75AFD91
:10A2C00094F85000012802D1002084F85000FFF7D4
:10A2D0008BFD2148006828B1FFF758FDFEF76AF9A9
:10A2E000FFF782FD1848006884422BD11A480068A5
:10A2F000E0B11A48006808B9012000E0002060B908
:10A3000000BF502072B680F31188BFF34F8FBFF3A8
:10A310006F8F62B600BF00BFFEE74FF0805010495C
:10A320000860BFF34F8FBFF36F8F0BE009480068E1
:10A330000C490968884203D100200349086001E004
:10A3400000F01AF870BD00008402002024140020E0
:10A350009C02002000150020A0020020BC0200206A
:10A3600004ED00E09402002002480068401C01490E
:10A3700008607047BC0200201E48006818B1012028
:10A380001D49086034E000201B4908601B48006834
:10A39000B0FA80F0C0F11F0101EB8100184A52F8B9
:10A3A000200008B1012000E0002060B900BF50206B
:10A3B00072B680F31188BFF34F8FBFF36F8F62B611
:10A3C00000BF00BFFEE701EB81020D4B03EB8200F3
:10A3D00042685268426000F108024368934202D129
:10A3E0004268526842604268D268064B1A6000BFF9
:10A3F00070470000BC020020A80200209C02002040
:10A400002414002084020020016070471CB53E49DE
:10A41000084600780190FF200A4610700846007830
:10A4200000909DF8000000F0F0009DF800209042A0
:10A4300001D1012000E0002060B900BF502072B6B9
:10A4400080F31188BFF34F8FBFF36F8F62B600BFE9
:10A4500000BFFEE79DF8000000F050002B4A10708E
:10A4600007202B4A106009E029480068401E284A4E
:10A4700010609DF800004006000E00909DF800005E
:10A4800000F080008028EFD021480068C0F107006C
:10A49000042801D1012000E0002060B900BF502055
:10A4A00072B680F31188BFF34F8FBFF36F8F62B620
:10A4B00000BF00BFFEE7164800680002144A1060A3
:10A4C0001046008800F4E06010600F4A0198107098
:10A4D0001048006840F470000E49086008460068A3
:10A4E00040F070400860FFF7EDFC00200A4908606A
:10A4F000F5F798FE0948006840F0404007490860B9
:10A50000F5F77CFE00201CBD00E400E0DC0200202A
:10A51000E002002020ED00E0D802002034EF00E04F
:10A520002DE9FF4F85B0804689461746DDE912AB1D
:10A53000B800FEF7ABF8064656B15420FEF7A6F871
:10A5400004460CB1266304E03046FFF76DFC00E0E2
:10A5500000248CB1002084F85100CDE900ABCDE996
:10A5600002403A4649464046089BFDF75FFF2046B9
:10A57000FDF762FE012501E04FF0FF35284609B0E6
:10A58000BDE8F08F2DE9F04F85B00746884691462B
:10A590009A46DDE90EB6109C0EB1012000E00020C5
:10A5A00060B900BF502072B680F31188BFF34F8F9F
:10A5B000BFF36F8F62B600BF00BFFEE70CB1012092
:10A5C00000E0002060B900BF502072B680F311880F
:10A5D000BFF34F8FBFF36F8F62B600BF00BFFEE7C0
:10A5E000542003900398542801D1012000E000205A
:10A5F00060B900BF502072B680F31188BFF34F8F4F
:10A60000BFF36F8F62B600BF00BFFEE700BFB4B1FB
:10A61000AEB125462C462E63022085F8510000205D
:10A6200004A953464A46CDE900B1CDE9025041465E
:10A630003846FDF7FBFE2846FDF7FEFD01E0002051
:10A640000490049805B0BDE8F08F00000149086847
:10A6500070470000980200202DE9F0414FF00008FB
:10A6600045480068002879D144480068451C4348A3
:10A67000056025BB42480068006808B9012000E079
:10A68000002060B900BF502072B680F31188BFF37C
:10A690004F8FBFF36F8F62B600BF00BFFEE7384831
:10A6A0000768384800683649086036480760364809
:10A6B0000068401C34490860FDF77CFF00BF334848
:10A6C000006885423CD300BF2D480068006808B987
:10A6D000012000E0002020B14FF0FF302B4908603E
:10A6E0002DE027480068C068C4686668B54202D299
:10A6F0002648066023E0201DFFF7F2FAA06A18B191
:10A7000004F11800FFF7ECFA94F82C1001208840AF
:10A710001F49096808431E490860E16A01EB81018D
:10A720001C4A02EB8100211DFFF724FB1A49E06A55
:10A730000968C96A8842C7D34FF00108C4E700BF5F
:10A7400015480068C06A00EB8000124951F82000EB
:10A75000012801D94FF0010805E0FFE70F48006824
:10A76000401C0E4908600E48006808B14FF001080F
:10A770004046BDE8F0810000BC02002098020020A5
:10A78000880200208C020020AC020020B4020020CD
:10A790009C0200202414002084020020A402002037
:10A7A000A802002070B5002400263748006860B970
:10A7B00000BF502072B680F31188BFF34F8FBFF3F4
:10A7C0006F8F62B600BF00BFFEE7FFF7DFFA2E48CB
:10A7D0000068401E2C4908600846006800284FD1D8
:10A7E0002A48006800284BD024E02948C068C46883
:10A7F00004F11800FFF774FA201DFFF771FA94F8BE
:10A800002C10012088402349096808432149086029
:10A81000E16A01EB8101204A02EB8100211DFFF773
:10A82000A9FA1E49E06A0968C96A884202D3012070
:10A830001B4908601648006808B9012000E00020A4
:10A840000028D2D00CB1FDF7B5FE1648056865B1F9
:10A8500000BFFFF701FF10B10120114908606D1E14
:10A86000002DF6D100200F4908600D48006838B16E
:10A87000012630070C490860BFF34F8FBFF36F8F7D
:10A88000FFF7B2FA304670BDBC02002094020020EF
:10A89000D81400209C0200202414002084020020F0
:10A8A000A8020020A402002004ED00E02DE9FE43F0
:10A8B0005148006800905048406801904E488068B8
:10A8C00002904FF4FA70FFF711FB0120FDF74EF9EB
:10A8D0006FF0B300F9F766FA3C20FCF7B5F84FF4D7
:10A8E0004870FFF703FB4120FCF7EAF84FF496703D
:10A8F000FFF7FCFA002471E02BE0FCF79BF85DF811
:10A900002400FDF7D1FF4FF49670FFF7EFFAF6F74A
:10A91000DFF90546F6F7E2F90646FF2D18D0FF2EBF
:10A9200016D0F6F7E1F95DF82410884210D1B5F1A0
:10A93000000801DB404601E0C8F100000F2807DAFB
:10A94000371E01DB384600E07842192800DA01E0C2
:10A9500000BFD2E700BF6420FCF7B2F80220FDF789
:10A9600005F96420FFF7C2FA0020FCF7A9F81420CB
:10A97000FCF76AF85DF82400F6F792F9814648463C
:10A98000F6F778F90546F9F70DFA6420FFF7AEFA05
:10A990004B20FCF795F86420FFF7A8FA0120FDF79B
:10A9A000E5F86420FFF7A2FA0020FCF789F864209C
:10A9B000FFF79CFA022C10DA3C20FCF745F86FF008
:10A9C000B300F9F7EFF90120FDF7D0F84FF49670D6
:10A9D000FFF78CFA4120FCF773F8641C032C8BDB27
:10A9E0000020F9F7DFF90120FDF7C0F84FF44870B7
:10A9F000FFF77CFABDE8FE833012002058AC000857
:10AA0000615300080000000000000000800000000A
:10AA10000000000000000000000000000000000036
:10AA200001020304060708090000000001020304F4
:10AA30000000891112239B322446AD573665BF743E
:10AA4000488CC19D5AAFD3BE6CCAE5DB7EE9F7F8EE
:10AA50008110080193331A22A5562C47B7753E641E
:10AA6000C99C408DDBBF52AEEDDA64CBFFF976E8CE
:10AA700002218B30100299132667AF763444BD55FE
:10AA80004AADC3BC588ED19F6EEBE7FA7CC8F5D9AE
:10AA900083310A2091121803A7772E66B5543C45DE
:10AAA000CBBD42ACD99E508FEFFB66EAFDD874C98E
:10AAB00004428D5316619F702004A9153227BB36BE
:10AAC0004CCEC5DF5EEDD7FC6888E1997AABF3BA6E
:10AAD00085520C4397711E60A1142805B3373A269E
:10AAE000CDDE44CFDFFD56ECE9986089FBBB72AA4E
:10AAF00006638F7214409D512225AB343006B9177E
:10AB00004EEFC7FE5CCCD5DD6AA9E3B8788AF19B2D
:10AB100087730E6295501C41A3352A24B11638075D
:10AB2000CFFF46EEDDDC54CDEBB962A8F99A708B0D
:10AB3000088481951AA793B62CC2A5D33EE1B7F03D
:10AB40004008C919522BDB3A644EED5F766DFF7CED
:10AB5000899400859BB712A6ADD224C3BFF136E01D
:10AB6000C1184809D33B5A2AE55E6C4FF77D7E6CCD
:10AB70000AA583B4188691972EE3A7F23CC0B5D1FD
:10AB80004229CB38500AD91B666FEF7E744CFD5DAD
:10AB90008BB502A499961087AFF326E2BDD034C1DD
:10ABA000C3394A28D11A580BE77F6E6EF55C7C4D8D
:10ABB0000CC685D71EE597F42880A1913AA3B3B2BD
:10ABC000444ACD5B5669DF78600CE91D722FFB3E6D
:10ABD0008DD604C79FF516E4A9902081BBB332A29D
:10ABE000C55A4C4BD7795E68E11C680DF33F7A2E4D
:10ABF0000EE787F61CC495D52AA1A3B03882B1937D
:10AC0000466BCF7A5448DD59622DEB3C700EF91F2C
:10AC10008FF706E69DD414C5ABB122A0B99230835C
:10AC2000C77B4E6AD5585C49E33D6A2CF11E780F0C
:10AC300000061016000610160000000000000000BC
:10AC4000000020C200000000000020C20000A0415F
:10AC5000000020C20000A0C164656661756C745478
:10AC600061736B003F00000064656300696400006D
:10AC700072756E74696D650068656C700000000027
:10AC80006C6973740000000068657800766F696411
:10AC900020706F7374696F6E5F73656E6428696E80
:10ACA0007420582C696E7420592C20696E74205AB7
:10ACB00020290000766F69642077726974655F618E
:10ACC0006464722875333220616464722C75333287
:10ACD0002076616C29000000753332207265616452
:10ACE0005F61646472287533322061646472290084
:10ACF00010AD0008000000202C030000A809000887
:10AD0000A4AD00082C03002044520000F46B00089E
:10AD1000511324F41364AC1B0878041A80041A6CD1
:10AD2000041A88041A68041A70041301881B08D8CE
:10AD3000081309A41B08B408132D811B088C0822D2
:10AD40002414203D931C087D8B14128C1B08C50C09
:10AD5000220302FF01513202B20113400D1B204FAA
:10AD6000041A5E041A6D04091E1801482809FFAA76
:10AD70006988B5FFAA760A1B030B051B0406053973
:10AD800019110223FF32792A732FD904011C33FED3
:10AD9000EE5B5306E11103175C3632100257011ABD
:04ADA000AA010150B3
:04000005080001C925
:00000001FF
